"transition","site","Longitude","Latitude","long.scaled","long.center","season","pr"
"1978-1979","buffalolake",-101.8453,35.1992,-1.49941268406746,-3.40693664285713,"gs",181.62
"1978-1979","elreno",-97.9575,35.5303,0.211630767632538,0.480863357142866,"gs",353.98
"1978-1979","Katy",-95.920129,29.920887,1.10828962565854,2.51823435714286,"gs",746.47
"1978-1979","llano",-99.7714,30.4897,-0.586677200122656,-1.33303664285714,"gs",250.07
"1978-1979","llela",-96.9644,33.0692,0.648699868893731,1.47396335714286,"gs",518.7
"1978-1979","lostP",-97.469,30.179,0.426622466319573,0.969363357142868,"gs",486.45
"1978-1979","lubbock",-101.8833,33.5667,-1.51613670566441,-3.44493664285714,"gs",206.1
"1978-1979","ninnescah",-97.672833,37.538006,0.33691437436773,0.765530357142865,"gs",346.55
"1978-1979","ozona",-101.2,30.71,-1.21541239100146,-2.76163664285714,"gs",157.86
"1978-1979","psu",-94.6997,37.4103,1.64540754548846,3.73866335714285,"gs",403.74
"1978-1979","shsu",-95.551,30.7233,1.27074545113376,2.88736335714286,"gs",842.64
"1978-1979","vernon",-99.2906,34.1511,-0.375074316338159,-0.852236642857136,"gs",286.71
"1978-1979","wf",-98.514125,33.913161,-0.0333431408253389,-0.0757616428571453,"gs",320.24
"1978-1979","woodward",-99.3978,36.4331,-0.422253661474805,-0.959436642857142,"gs",327.6
"1979-1980","buffalolake",-101.8453,35.1992,-1.49941268406746,-3.40693664285713,"ds",281.94
"1979-1980","buffalolake",-101.8453,35.1992,-1.49941268406746,-3.40693664285713,"gs",246.3
"1979-1980","elreno",-97.9575,35.5303,0.211630767632538,0.480863357142866,"ds",395.31
"1979-1980","elreno",-97.9575,35.5303,0.211630767632538,0.480863357142866,"gs",543.35
"1979-1980","Katy",-95.920129,29.920887,1.10828962565854,2.51823435714286,"ds",537.42
"1979-1980","Katy",-95.920129,29.920887,1.10828962565854,2.51823435714286,"gs",683.63
"1979-1980","llano",-99.7714,30.4897,-0.586677200122656,-1.33303664285714,"ds",278.71
"1979-1980","llano",-99.7714,30.4897,-0.586677200122656,-1.33303664285714,"gs",253.86
"1979-1980","llela",-96.9644,33.0692,0.648699868893731,1.47396335714286,"ds",179.89
"1979-1980","llela",-96.9644,33.0692,0.648699868893731,1.47396335714286,"gs",357.28
"1979-1980","lostP",-97.469,30.179,0.426622466319573,0.969363357142868,"ds",273.52
"1979-1980","lostP",-97.469,30.179,0.426622466319573,0.969363357142868,"gs",476.49
"1979-1980","lubbock",-101.8833,33.5667,-1.51613670566441,-3.44493664285714,"ds",253.66
"1979-1980","lubbock",-101.8833,33.5667,-1.51613670566441,-3.44493664285714,"gs",195.86
"1979-1980","ninnescah",-97.672833,37.538006,0.33691437436773,0.765530357142865,"ds",279.82
"1979-1980","ninnescah",-97.672833,37.538006,0.33691437436773,0.765530357142865,"gs",483.05
"1979-1980","ozona",-101.2,30.71,-1.21541239100146,-2.76163664285714,"ds",182.04
"1979-1980","ozona",-101.2,30.71,-1.21541239100146,-2.76163664285714,"gs",175.7
"1979-1980","psu",-94.6997,37.4103,1.64540754548846,3.73866335714285,"ds",416.29
"1979-1980","psu",-94.6997,37.4103,1.64540754548846,3.73866335714285,"gs",610.63
"1979-1980","shsu",-95.551,30.7233,1.27074545113376,2.88736335714286,"ds",607.05
"1979-1980","shsu",-95.551,30.7233,1.27074545113376,2.88736335714286,"gs",704.54
"1979-1980","vernon",-99.2906,34.1511,-0.375074316338159,-0.852236642857136,"ds",281.4
"1979-1980","vernon",-99.2906,34.1511,-0.375074316338159,-0.852236642857136,"gs",371.85
"1979-1980","wf",-98.514125,33.913161,-0.0333431408253389,-0.0757616428571453,"ds",268.66
"1979-1980","wf",-98.514125,33.913161,-0.0333431408253389,-0.0757616428571453,"gs",379.25
"1979-1980","woodward",-99.3978,36.4331,-0.422253661474805,-0.959436642857142,"ds",264.65
"1979-1980","woodward",-99.3978,36.4331,-0.422253661474805,-0.959436642857142,"gs",489.32
"1980-1981","buffalolake",-101.8453,35.1992,-1.49941268406746,-3.40693664285713,"ds",153.31
"1980-1981","buffalolake",-101.8453,35.1992,-1.49941268406746,-3.40693664285713,"gs",190.47
"1980-1981","elreno",-97.9575,35.5303,0.211630767632538,0.480863357142866,"ds",125.55
"1980-1981","elreno",-97.9575,35.5303,0.211630767632538,0.480863357142866,"gs",297.02
"1980-1981","Katy",-95.920129,29.920887,1.10828962565854,2.51823435714286,"ds",274.24
"1980-1981","Katy",-95.920129,29.920887,1.10828962565854,2.51823435714286,"gs",656.85
"1980-1981","llano",-99.7714,30.4897,-0.586677200122656,-1.33303664285714,"ds",324.9
"1980-1981","llano",-99.7714,30.4897,-0.586677200122656,-1.33303664285714,"gs",360.87
"1980-1981","llela",-96.9644,33.0692,0.648699868893731,1.47396335714286,"ds",235.66
"1980-1981","llela",-96.9644,33.0692,0.648699868893731,1.47396335714286,"gs",517.35
"1980-1981","lostP",-97.469,30.179,0.426622466319573,0.969363357142868,"ds",160.08
"1980-1981","lostP",-97.469,30.179,0.426622466319573,0.969363357142868,"gs",489.62
"1980-1981","lubbock",-101.8833,33.5667,-1.51613670566441,-3.44493664285714,"ds",191.64
"1980-1981","lubbock",-101.8833,33.5667,-1.51613670566441,-3.44493664285714,"gs",240.17
"1980-1981","ninnescah",-97.672833,37.538006,0.33691437436773,0.765530357142865,"ds",185.81
"1980-1981","ninnescah",-97.672833,37.538006,0.33691437436773,0.765530357142865,"gs",331.84
"1980-1981","ozona",-101.2,30.71,-1.21541239100146,-2.76163664285714,"ds",218.45
"1980-1981","ozona",-101.2,30.71,-1.21541239100146,-2.76163664285714,"gs",414.59
"1980-1981","psu",-94.6997,37.4103,1.64540754548846,3.73866335714285,"ds",209.85
"1980-1981","psu",-94.6997,37.4103,1.64540754548846,3.73866335714285,"gs",457.09
"1980-1981","shsu",-95.551,30.7233,1.27074545113376,2.88736335714286,"ds",188.07
"1980-1981","shsu",-95.551,30.7233,1.27074545113376,2.88736335714286,"gs",551.56
"1980-1981","vernon",-99.2906,34.1511,-0.375074316338159,-0.852236642857136,"ds",105.43
"1980-1981","vernon",-99.2906,34.1511,-0.375074316338159,-0.852236642857136,"gs",314.75
"1980-1981","wf",-98.514125,33.913161,-0.0333431408253389,-0.0757616428571453,"ds",264.14
"1980-1981","wf",-98.514125,33.913161,-0.0333431408253389,-0.0757616428571453,"gs",455.13
"1980-1981","woodward",-99.3978,36.4331,-0.422253661474805,-0.959436642857142,"ds",111.2
"1980-1981","woodward",-99.3978,36.4331,-0.422253661474805,-0.959436642857142,"gs",260.95
"1981-1982","buffalolake",-101.8453,35.1992,-1.49941268406746,-3.40693664285713,"ds",391.24
"1981-1982","buffalolake",-101.8453,35.1992,-1.49941268406746,-3.40693664285713,"gs",188.08
"1981-1982","elreno",-97.9575,35.5303,0.211630767632538,0.480863357142866,"ds",425.61
"1981-1982","elreno",-97.9575,35.5303,0.211630767632538,0.480863357142866,"gs",677.98
"1981-1982","Katy",-95.920129,29.920887,1.10828962565854,2.51823435714286,"ds",490.41
"1981-1982","Katy",-95.920129,29.920887,1.10828962565854,2.51823435714286,"gs",686.86
"1981-1982","llano",-99.7714,30.4897,-0.586677200122656,-1.33303664285714,"ds",259.57
"1981-1982","llano",-99.7714,30.4897,-0.586677200122656,-1.33303664285714,"gs",366.82
"1981-1982","llela",-96.9644,33.0692,0.648699868893731,1.47396335714286,"ds",345.12
"1981-1982","llela",-96.9644,33.0692,0.648699868893731,1.47396335714286,"gs",1053.03
"1981-1982","lostP",-97.469,30.179,0.426622466319573,0.969363357142868,"ds",446.39
"1981-1982","lostP",-97.469,30.179,0.426622466319573,0.969363357142868,"gs",556.65
"1981-1982","lubbock",-101.8833,33.5667,-1.51613670566441,-3.44493664285714,"ds",282.41
"1981-1982","lubbock",-101.8833,33.5667,-1.51613670566441,-3.44493664285714,"gs",366.64
"1981-1982","ninnescah",-97.672833,37.538006,0.33691437436773,0.765530357142865,"ds",271.77
"1981-1982","ninnescah",-97.672833,37.538006,0.33691437436773,0.765530357142865,"gs",539.29
"1981-1982","ozona",-101.2,30.71,-1.21541239100146,-2.76163664285714,"ds",143.81
"1981-1982","ozona",-101.2,30.71,-1.21541239100146,-2.76163664285714,"gs",291.17
"1981-1982","psu",-94.6997,37.4103,1.64540754548846,3.73866335714285,"ds",474.34
"1981-1982","psu",-94.6997,37.4103,1.64540754548846,3.73866335714285,"gs",746.39
"1981-1982","shsu",-95.551,30.7233,1.27074545113376,2.88736335714286,"ds",590.97
"1981-1982","shsu",-95.551,30.7233,1.27074545113376,2.88736335714286,"gs",820.95
"1981-1982","vernon",-99.2906,34.1511,-0.375074316338159,-0.852236642857136,"ds",237.81
"1981-1982","vernon",-99.2906,34.1511,-0.375074316338159,-0.852236642857136,"gs",455.94
"1981-1982","wf",-98.514125,33.913161,-0.0333431408253389,-0.0757616428571453,"ds",218.31
"1981-1982","wf",-98.514125,33.913161,-0.0333431408253389,-0.0757616428571453,"gs",738.84
"1981-1982","woodward",-99.3978,36.4331,-0.422253661474805,-0.959436642857142,"ds",229.3
"1981-1982","woodward",-99.3978,36.4331,-0.422253661474805,-0.959436642857142,"gs",576.89
"1982-1983","buffalolake",-101.8453,35.1992,-1.49941268406746,-3.40693664285713,"ds",305.05
"1982-1983","buffalolake",-101.8453,35.1992,-1.49941268406746,-3.40693664285713,"gs",245.29
"1982-1983","elreno",-97.9575,35.5303,0.211630767632538,0.480863357142866,"ds",233.47
"1982-1983","elreno",-97.9575,35.5303,0.211630767632538,0.480863357142866,"gs",455.21
"1982-1983","Katy",-95.920129,29.920887,1.10828962565854,2.51823435714286,"ds",146.04
"1982-1983","Katy",-95.920129,29.920887,1.10828962565854,2.51823435714286,"gs",1014.9
"1982-1983","llano",-99.7714,30.4897,-0.586677200122656,-1.33303664285714,"ds",121.52
"1982-1983","llano",-99.7714,30.4897,-0.586677200122656,-1.33303664285714,"gs",320.05
"1982-1983","llela",-96.9644,33.0692,0.648699868893731,1.47396335714286,"ds",224
"1982-1983","llela",-96.9644,33.0692,0.648699868893731,1.47396335714286,"gs",563.16
"1982-1983","lostP",-97.469,30.179,0.426622466319573,0.969363357142868,"ds",147.46
"1982-1983","lostP",-97.469,30.179,0.426622466319573,0.969363357142868,"gs",678.36
"1982-1983","lubbock",-101.8833,33.5667,-1.51613670566441,-3.44493664285714,"ds",246.57
"1982-1983","lubbock",-101.8833,33.5667,-1.51613670566441,-3.44493664285714,"gs",245.78
"1982-1983","ninnescah",-97.672833,37.538006,0.33691437436773,0.765530357142865,"ds",319.31
"1982-1983","ninnescah",-97.672833,37.538006,0.33691437436773,0.765530357142865,"gs",493.92
"1982-1983","ozona",-101.2,30.71,-1.21541239100146,-2.76163664285714,"ds",88.61
"1982-1983","ozona",-101.2,30.71,-1.21541239100146,-2.76163664285714,"gs",222.23
"1982-1983","psu",-94.6997,37.4103,1.64540754548846,3.73866335714285,"ds",375.83
"1982-1983","psu",-94.6997,37.4103,1.64540754548846,3.73866335714285,"gs",830.2
"1982-1983","shsu",-95.551,30.7233,1.27074545113376,2.88736335714286,"ds",253.32
"1982-1983","shsu",-95.551,30.7233,1.27074545113376,2.88736335714286,"gs",1020.28
"1982-1983","vernon",-99.2906,34.1511,-0.375074316338159,-0.852236642857136,"ds",245.91
"1982-1983","vernon",-99.2906,34.1511,-0.375074316338159,-0.852236642857136,"gs",369.35
"1982-1983","wf",-98.514125,33.913161,-0.0333431408253389,-0.0757616428571453,"ds",290.9
"1982-1983","wf",-98.514125,33.913161,-0.0333431408253389,-0.0757616428571453,"gs",474.95
"1982-1983","woodward",-99.3978,36.4331,-0.422253661474805,-0.959436642857142,"ds",181.29
"1982-1983","woodward",-99.3978,36.4331,-0.422253661474805,-0.959436642857142,"gs",334.48
"1983-1984","buffalolake",-101.8453,35.1992,-1.49941268406746,-3.40693664285713,"ds",108.08
"1983-1984","buffalolake",-101.8453,35.1992,-1.49941268406746,-3.40693664285713,"gs",189.29
"1983-1984","elreno",-97.9575,35.5303,0.211630767632538,0.480863357142866,"ds",256.26
"1983-1984","elreno",-97.9575,35.5303,0.211630767632538,0.480863357142866,"gs",533.96
"1983-1984","Katy",-95.920129,29.920887,1.10828962565854,2.51823435714286,"ds",559.04
"1983-1984","Katy",-95.920129,29.920887,1.10828962565854,2.51823435714286,"gs",495.7
"1983-1984","llano",-99.7714,30.4897,-0.586677200122656,-1.33303664285714,"ds",161.07
"1983-1984","llano",-99.7714,30.4897,-0.586677200122656,-1.33303664285714,"gs",176.58
"1983-1984","llela",-96.9644,33.0692,0.648699868893731,1.47396335714286,"ds",190.67
"1983-1984","llela",-96.9644,33.0692,0.648699868893731,1.47396335714286,"gs",530.86
"1983-1984","lostP",-97.469,30.179,0.426622466319573,0.969363357142868,"ds",325.83
"1983-1984","lostP",-97.469,30.179,0.426622466319573,0.969363357142868,"gs",274.7
"1983-1984","lubbock",-101.8833,33.5667,-1.51613670566441,-3.44493664285714,"ds",92.62
"1983-1984","lubbock",-101.8833,33.5667,-1.51613670566441,-3.44493664285714,"gs",281.61
"1983-1984","ninnescah",-97.672833,37.538006,0.33691437436773,0.765530357142865,"ds",318.61
"1983-1984","ninnescah",-97.672833,37.538006,0.33691437436773,0.765530357142865,"gs",552.77
"1983-1984","ozona",-101.2,30.71,-1.21541239100146,-2.76163664285714,"ds",100.68
"1983-1984","ozona",-101.2,30.71,-1.21541239100146,-2.76163664285714,"gs",260.48
"1983-1984","psu",-94.6997,37.4103,1.64540754548846,3.73866335714285,"ds",330.8
"1983-1984","psu",-94.6997,37.4103,1.64540754548846,3.73866335714285,"gs",856.62
"1983-1984","shsu",-95.551,30.7233,1.27074545113376,2.88736335714286,"ds",529.97
"1983-1984","shsu",-95.551,30.7233,1.27074545113376,2.88736335714286,"gs",646.77
"1983-1984","vernon",-99.2906,34.1511,-0.375074316338159,-0.852236642857136,"ds",141.83
"1983-1984","vernon",-99.2906,34.1511,-0.375074316338159,-0.852236642857136,"gs",431.27
"1983-1984","wf",-98.514125,33.913161,-0.0333431408253389,-0.0757616428571453,"ds",119.42
"1983-1984","wf",-98.514125,33.913161,-0.0333431408253389,-0.0757616428571453,"gs",392.27
"1983-1984","woodward",-99.3978,36.4331,-0.422253661474805,-0.959436642857142,"ds",219.05
"1983-1984","woodward",-99.3978,36.4331,-0.422253661474805,-0.959436642857142,"gs",332.24
"1984-1985","buffalolake",-101.8453,35.1992,-1.49941268406746,-3.40693664285713,"ds",243.14
"1984-1985","buffalolake",-101.8453,35.1992,-1.49941268406746,-3.40693664285713,"gs",325.42
"1984-1985","elreno",-97.9575,35.5303,0.211630767632538,0.480863357142866,"ds",172.88
"1984-1985","elreno",-97.9575,35.5303,0.211630767632538,0.480863357142866,"gs",704.62
"1984-1985","Katy",-95.920129,29.920887,1.10828962565854,2.51823435714286,"ds",306.99
"1984-1985","Katy",-95.920129,29.920887,1.10828962565854,2.51823435714286,"gs",789.15
"1984-1985","llano",-99.7714,30.4897,-0.586677200122656,-1.33303664285714,"ds",134.11
"1984-1985","llano",-99.7714,30.4897,-0.586677200122656,-1.33303664285714,"gs",543.49
"1984-1985","llela",-96.9644,33.0692,0.648699868893731,1.47396335714286,"ds",120.77
"1984-1985","llela",-96.9644,33.0692,0.648699868893731,1.47396335714286,"gs",788.53
"1984-1985","lostP",-97.469,30.179,0.426622466319573,0.969363357142868,"ds",145.26
"1984-1985","lostP",-97.469,30.179,0.426622466319573,0.969363357142868,"gs",680
"1984-1985","lubbock",-101.8833,33.5667,-1.51613670566441,-3.44493664285714,"ds",222.96
"1984-1985","lubbock",-101.8833,33.5667,-1.51613670566441,-3.44493664285714,"gs",294.46
"1984-1985","ninnescah",-97.672833,37.538006,0.33691437436773,0.765530357142865,"ds",175.36
"1984-1985","ninnescah",-97.672833,37.538006,0.33691437436773,0.765530357142865,"gs",458.24
"1984-1985","ozona",-101.2,30.71,-1.21541239100146,-2.76163664285714,"ds",124.6
"1984-1985","ozona",-101.2,30.71,-1.21541239100146,-2.76163664285714,"gs",377.17
"1984-1985","psu",-94.6997,37.4103,1.64540754548846,3.73866335714285,"ds",216.6
"1984-1985","psu",-94.6997,37.4103,1.64540754548846,3.73866335714285,"gs",1012.51
"1984-1985","shsu",-95.551,30.7233,1.27074545113376,2.88736335714286,"ds",326.89
"1984-1985","shsu",-95.551,30.7233,1.27074545113376,2.88736335714286,"gs",984.64
"1984-1985","vernon",-99.2906,34.1511,-0.375074316338159,-0.852236642857136,"ds",134.04
"1984-1985","vernon",-99.2906,34.1511,-0.375074316338159,-0.852236642857136,"gs",548.35
"1984-1985","wf",-98.514125,33.913161,-0.0333431408253389,-0.0757616428571453,"ds",187.95
"1984-1985","wf",-98.514125,33.913161,-0.0333431408253389,-0.0757616428571453,"gs",766.64
"1984-1985","woodward",-99.3978,36.4331,-0.422253661474805,-0.959436642857142,"ds",147.77
"1984-1985","woodward",-99.3978,36.4331,-0.422253661474805,-0.959436642857142,"gs",449.02
"1985-1986","buffalolake",-101.8453,35.1992,-1.49941268406746,-3.40693664285713,"ds",340.9
"1985-1986","buffalolake",-101.8453,35.1992,-1.49941268406746,-3.40693664285713,"gs",221.97
"1985-1986","elreno",-97.9575,35.5303,0.211630767632538,0.480863357142866,"ds",383.8
"1985-1986","elreno",-97.9575,35.5303,0.211630767632538,0.480863357142866,"gs",469.31
"1985-1986","Katy",-95.920129,29.920887,1.10828962565854,2.51823435714286,"ds",352.09
"1985-1986","Katy",-95.920129,29.920887,1.10828962565854,2.51823435714286,"gs",774.99
"1985-1986","llano",-99.7714,30.4897,-0.586677200122656,-1.33303664285714,"ds",249.06
"1985-1986","llano",-99.7714,30.4897,-0.586677200122656,-1.33303664285714,"gs",260.28
"1985-1986","llela",-96.9644,33.0692,0.648699868893731,1.47396335714286,"ds",229.03
"1985-1986","llela",-96.9644,33.0692,0.648699868893731,1.47396335714286,"gs",640.73
"1985-1986","lostP",-97.469,30.179,0.426622466319573,0.969363357142868,"ds",287.73
"1985-1986","lostP",-97.469,30.179,0.426622466319573,0.969363357142868,"gs",653.64
"1985-1986","lubbock",-101.8833,33.5667,-1.51613670566441,-3.44493664285714,"ds",342.81
"1985-1986","lubbock",-101.8833,33.5667,-1.51613670566441,-3.44493664285714,"gs",225.19
"1985-1986","ninnescah",-97.672833,37.538006,0.33691437436773,0.765530357142865,"ds",484.59
"1985-1986","ninnescah",-97.672833,37.538006,0.33691437436773,0.765530357142865,"gs",445
"1985-1986","ozona",-101.2,30.71,-1.21541239100146,-2.76163664285714,"ds",283.05
"1985-1986","ozona",-101.2,30.71,-1.21541239100146,-2.76163664285714,"gs",225.89
"1985-1986","psu",-94.6997,37.4103,1.64540754548846,3.73866335714285,"ds",604.65
"1985-1986","psu",-94.6997,37.4103,1.64540754548846,3.73866335714285,"gs",739.5
"1985-1986","shsu",-95.551,30.7233,1.27074545113376,2.88736335714286,"ds",328.84
"1985-1986","shsu",-95.551,30.7233,1.27074545113376,2.88736335714286,"gs",872.19
"1985-1986","vernon",-99.2906,34.1511,-0.375074316338159,-0.852236642857136,"ds",316.55
"1985-1986","vernon",-99.2906,34.1511,-0.375074316338159,-0.852236642857136,"gs",379.71
"1985-1986","wf",-98.514125,33.913161,-0.0333431408253389,-0.0757616428571453,"ds",293.51
"1985-1986","wf",-98.514125,33.913161,-0.0333431408253389,-0.0757616428571453,"gs",416.06
"1985-1986","woodward",-99.3978,36.4331,-0.422253661474805,-0.959436642857142,"ds",408.83
"1985-1986","woodward",-99.3978,36.4331,-0.422253661474805,-0.959436642857142,"gs",308.59
"1986-1987","buffalolake",-101.8453,35.1992,-1.49941268406746,-3.40693664285713,"ds",368.07
"1986-1987","buffalolake",-101.8453,35.1992,-1.49941268406746,-3.40693664285713,"gs",353.74
"1986-1987","elreno",-97.9575,35.5303,0.211630767632538,0.480863357142866,"ds",467.13
"1986-1987","elreno",-97.9575,35.5303,0.211630767632538,0.480863357142866,"gs",789.22
"1986-1987","Katy",-95.920129,29.920887,1.10828962565854,2.51823435714286,"ds",420.89
"1986-1987","Katy",-95.920129,29.920887,1.10828962565854,2.51823435714286,"gs",767.61
"1986-1987","llano",-99.7714,30.4897,-0.586677200122656,-1.33303664285714,"ds",236.76
"1986-1987","llano",-99.7714,30.4897,-0.586677200122656,-1.33303664285714,"gs",549.96
"1986-1987","llela",-96.9644,33.0692,0.648699868893731,1.47396335714286,"ds",312.83
"1986-1987","llela",-96.9644,33.0692,0.648699868893731,1.47396335714286,"gs",633.36
"1986-1987","lostP",-97.469,30.179,0.426622466319573,0.969363357142868,"ds",275.65
"1986-1987","lostP",-97.469,30.179,0.426622466319573,0.969363357142868,"gs",766.19
"1986-1987","lubbock",-101.8833,33.5667,-1.51613670566441,-3.44493664285714,"ds",426.96
"1986-1987","lubbock",-101.8833,33.5667,-1.51613670566441,-3.44493664285714,"gs",351.36
"1986-1987","ninnescah",-97.672833,37.538006,0.33691437436773,0.765530357142865,"ds",465.89
"1986-1987","ninnescah",-97.672833,37.538006,0.33691437436773,0.765530357142865,"gs",558.92
"1986-1987","ozona",-101.2,30.71,-1.21541239100146,-2.76163664285714,"ds",264.76
"1986-1987","ozona",-101.2,30.71,-1.21541239100146,-2.76163664285714,"gs",532.08
"1986-1987","psu",-94.6997,37.4103,1.64540754548846,3.73866335714285,"ds",669.65
"1986-1987","psu",-94.6997,37.4103,1.64540754548846,3.73866335714285,"gs",949.39
"1986-1987","shsu",-95.551,30.7233,1.27074545113376,2.88736335714286,"ds",490.22
"1986-1987","shsu",-95.551,30.7233,1.27074545113376,2.88736335714286,"gs",718.12
"1986-1987","vernon",-99.2906,34.1511,-0.375074316338159,-0.852236642857136,"ds",452.51
"1986-1987","vernon",-99.2906,34.1511,-0.375074316338159,-0.852236642857136,"gs",639.77
"1986-1987","wf",-98.514125,33.913161,-0.0333431408253389,-0.0757616428571453,"ds",426.6
"1986-1987","wf",-98.514125,33.913161,-0.0333431408253389,-0.0757616428571453,"gs",655.22
"1986-1987","woodward",-99.3978,36.4331,-0.422253661474805,-0.959436642857142,"ds",365.55
"1986-1987","woodward",-99.3978,36.4331,-0.422253661474805,-0.959436642857142,"gs",618.68
"1987-1988","buffalolake",-101.8453,35.1992,-1.49941268406746,-3.40693664285713,"ds",306.7
"1987-1988","buffalolake",-101.8453,35.1992,-1.49941268406746,-3.40693664285713,"gs",305.43
"1987-1988","elreno",-97.9575,35.5303,0.211630767632538,0.480863357142866,"ds",410.76
"1987-1988","elreno",-97.9575,35.5303,0.211630767632538,0.480863357142866,"gs",489.54
"1987-1988","Katy",-95.920129,29.920887,1.10828962565854,2.51823435714286,"ds",480.66
"1987-1988","Katy",-95.920129,29.920887,1.10828962565854,2.51823435714286,"gs",549.1
"1987-1988","llano",-99.7714,30.4897,-0.586677200122656,-1.33303664285714,"ds",394.22
"1987-1988","llano",-99.7714,30.4897,-0.586677200122656,-1.33303664285714,"gs",185.24
"1987-1988","llela",-96.9644,33.0692,0.648699868893731,1.47396335714286,"ds",267.46
"1987-1988","llela",-96.9644,33.0692,0.648699868893731,1.47396335714286,"gs",409.87
"1987-1988","lostP",-97.469,30.179,0.426622466319573,0.969363357142868,"ds",442.63
"1987-1988","lostP",-97.469,30.179,0.426622466319573,0.969363357142868,"gs",383.29
"1987-1988","lubbock",-101.8833,33.5667,-1.51613670566441,-3.44493664285714,"ds",280.25
"1987-1988","lubbock",-101.8833,33.5667,-1.51613670566441,-3.44493664285714,"gs",184.75
"1987-1988","ninnescah",-97.672833,37.538006,0.33691437436773,0.765530357142865,"ds",390.58
"1987-1988","ninnescah",-97.672833,37.538006,0.33691437436773,0.765530357142865,"gs",359.02
"1987-1988","ozona",-101.2,30.71,-1.21541239100146,-2.76163664285714,"ds",196.88
"1987-1988","ozona",-101.2,30.71,-1.21541239100146,-2.76163664285714,"gs",118.28
"1987-1988","psu",-94.6997,37.4103,1.64540754548846,3.73866335714285,"ds",431.99
"1987-1988","psu",-94.6997,37.4103,1.64540754548846,3.73866335714285,"gs",645.97
"1987-1988","shsu",-95.551,30.7233,1.27074545113376,2.88736335714286,"ds",396.24
"1987-1988","shsu",-95.551,30.7233,1.27074545113376,2.88736335714286,"gs",642.91
"1987-1988","vernon",-99.2906,34.1511,-0.375074316338159,-0.852236642857136,"ds",284.1
"1987-1988","vernon",-99.2906,34.1511,-0.375074316338159,-0.852236642857136,"gs",210.79
"1987-1988","wf",-98.514125,33.913161,-0.0333431408253389,-0.0757616428571453,"ds",267.12
"1987-1988","wf",-98.514125,33.913161,-0.0333431408253389,-0.0757616428571453,"gs",378.78
"1987-1988","woodward",-99.3978,36.4331,-0.422253661474805,-0.959436642857142,"ds",312.91
"1987-1988","woodward",-99.3978,36.4331,-0.422253661474805,-0.959436642857142,"gs",286.21
"1988-1989","buffalolake",-101.8453,35.1992,-1.49941268406746,-3.40693664285713,"ds",322.52
"1988-1989","buffalolake",-101.8453,35.1992,-1.49941268406746,-3.40693664285713,"gs",140.22
"1988-1989","elreno",-97.9575,35.5303,0.211630767632538,0.480863357142866,"ds",301.83
"1988-1989","elreno",-97.9575,35.5303,0.211630767632538,0.480863357142866,"gs",391.47
"1988-1989","Katy",-95.920129,29.920887,1.10828962565854,2.51823435714286,"ds",185.46
"1988-1989","Katy",-95.920129,29.920887,1.10828962565854,2.51823435714286,"gs",530.8
"1988-1989","llano",-99.7714,30.4897,-0.586677200122656,-1.33303664285714,"ds",222.22
"1988-1989","llano",-99.7714,30.4897,-0.586677200122656,-1.33303664285714,"gs",277.58
"1988-1989","llela",-96.9644,33.0692,0.648699868893731,1.47396335714286,"ds",332.88
"1988-1989","llela",-96.9644,33.0692,0.648699868893731,1.47396335714286,"gs",705.46
"1988-1989","lostP",-97.469,30.179,0.426622466319573,0.969363357142868,"ds",188.54
"1988-1989","lostP",-97.469,30.179,0.426622466319573,0.969363357142868,"gs",479.78
"1988-1989","lubbock",-101.8833,33.5667,-1.51613670566441,-3.44493664285714,"ds",242.55
"1988-1989","lubbock",-101.8833,33.5667,-1.51613670566441,-3.44493664285714,"gs",111.75
"1988-1989","ninnescah",-97.672833,37.538006,0.33691437436773,0.765530357142865,"ds",208.04
"1988-1989","ninnescah",-97.672833,37.538006,0.33691437436773,0.765530357142865,"gs",293.14
"1988-1989","ozona",-101.2,30.71,-1.21541239100146,-2.76163664285714,"ds",306.65
"1988-1989","ozona",-101.2,30.71,-1.21541239100146,-2.76163664285714,"gs",189.94
"1988-1989","psu",-94.6997,37.4103,1.64540754548846,3.73866335714285,"ds",512.74
"1988-1989","psu",-94.6997,37.4103,1.64540754548846,3.73866335714285,"gs",532.04
"1988-1989","shsu",-95.551,30.7233,1.27074545113376,2.88736335714286,"ds",247.8
"1988-1989","shsu",-95.551,30.7233,1.27074545113376,2.88736335714286,"gs",785.54
"1988-1989","vernon",-99.2906,34.1511,-0.375074316338159,-0.852236642857136,"ds",334.74
"1988-1989","vernon",-99.2906,34.1511,-0.375074316338159,-0.852236642857136,"gs",236.55
"1988-1989","wf",-98.514125,33.913161,-0.0333431408253389,-0.0757616428571453,"ds",279.46
"1988-1989","wf",-98.514125,33.913161,-0.0333431408253389,-0.0757616428571453,"gs",378.05
"1988-1989","woodward",-99.3978,36.4331,-0.422253661474805,-0.959436642857142,"ds",264.51
"1988-1989","woodward",-99.3978,36.4331,-0.422253661474805,-0.959436642857142,"gs",260.24
"1989-1990","buffalolake",-101.8453,35.1992,-1.49941268406746,-3.40693664285713,"ds",363.37
"1989-1990","buffalolake",-101.8453,35.1992,-1.49941268406746,-3.40693664285713,"gs",209.81
"1989-1990","elreno",-97.9575,35.5303,0.211630767632538,0.480863357142866,"ds",670.62
"1989-1990","elreno",-97.9575,35.5303,0.211630767632538,0.480863357142866,"gs",610.13
"1989-1990","Katy",-95.920129,29.920887,1.10828962565854,2.51823435714286,"ds",373.61
"1989-1990","Katy",-95.920129,29.920887,1.10828962565854,2.51823435714286,"gs",610.18
"1989-1990","llano",-99.7714,30.4897,-0.586677200122656,-1.33303664285714,"ds",100.19
"1989-1990","llano",-99.7714,30.4897,-0.586677200122656,-1.33303664285714,"gs",403.72
"1989-1990","llela",-96.9644,33.0692,0.648699868893731,1.47396335714286,"ds",541.22
"1989-1990","llela",-96.9644,33.0692,0.648699868893731,1.47396335714286,"gs",846.07
"1989-1990","lostP",-97.469,30.179,0.426622466319573,0.969363357142868,"ds",153.85
"1989-1990","lostP",-97.469,30.179,0.426622466319573,0.969363357142868,"gs",476.05
"1989-1990","lubbock",-101.8833,33.5667,-1.51613670566441,-3.44493664285714,"ds",331.42
"1989-1990","lubbock",-101.8833,33.5667,-1.51613670566441,-3.44493664285714,"gs",173.05
"1989-1990","ninnescah",-97.672833,37.538006,0.33691437436773,0.765530357142865,"ds",570.23
"1989-1990","ninnescah",-97.672833,37.538006,0.33691437436773,0.765530357142865,"gs",307.62
"1989-1990","ozona",-101.2,30.71,-1.21541239100146,-2.76163664285714,"ds",61.78
"1989-1990","ozona",-101.2,30.71,-1.21541239100146,-2.76163664285714,"gs",282.9
"1989-1990","psu",-94.6997,37.4103,1.64540754548846,3.73866335714285,"ds",551.67
"1989-1990","psu",-94.6997,37.4103,1.64540754548846,3.73866335714285,"gs",928.13
"1989-1990","shsu",-95.551,30.7233,1.27074545113376,2.88736335714286,"ds",381.48
"1989-1990","shsu",-95.551,30.7233,1.27074545113376,2.88736335714286,"gs",757.44
"1989-1990","vernon",-99.2906,34.1511,-0.375074316338159,-0.852236642857136,"ds",362.02
"1989-1990","vernon",-99.2906,34.1511,-0.375074316338159,-0.852236642857136,"gs",447.6
"1989-1990","wf",-98.514125,33.913161,-0.0333431408253389,-0.0757616428571453,"ds",470.42
"1989-1990","wf",-98.514125,33.913161,-0.0333431408253389,-0.0757616428571453,"gs",654.48
"1989-1990","woodward",-99.3978,36.4331,-0.422253661474805,-0.959436642857142,"ds",394.57
"1989-1990","woodward",-99.3978,36.4331,-0.422253661474805,-0.959436642857142,"gs",278.25
"1990-1991","buffalolake",-101.8453,35.1992,-1.49941268406746,-3.40693664285713,"ds",234.32
"1990-1991","buffalolake",-101.8453,35.1992,-1.49941268406746,-3.40693664285713,"gs",160.72
"1990-1991","elreno",-97.9575,35.5303,0.211630767632538,0.480863357142866,"ds",244.17
"1990-1991","elreno",-97.9575,35.5303,0.211630767632538,0.480863357142866,"gs",346.84
"1990-1991","Katy",-95.920129,29.920887,1.10828962565854,2.51823435714286,"ds",226.47
"1990-1991","Katy",-95.920129,29.920887,1.10828962565854,2.51823435714286,"gs",879.83
"1990-1991","llano",-99.7714,30.4897,-0.586677200122656,-1.33303664285714,"ds",273.02
"1990-1991","llano",-99.7714,30.4897,-0.586677200122656,-1.33303664285714,"gs",291.23
"1990-1991","llela",-96.9644,33.0692,0.648699868893731,1.47396335714286,"ds",193.5
"1990-1991","llela",-96.9644,33.0692,0.648699868893731,1.47396335714286,"gs",638.66
"1990-1991","lostP",-97.469,30.179,0.426622466319573,0.969363357142868,"ds",187.26
"1990-1991","lostP",-97.469,30.179,0.426622466319573,0.969363357142868,"gs",787.63
"1990-1991","lubbock",-101.8833,33.5667,-1.51613670566441,-3.44493664285714,"ds",176.44
"1990-1991","lubbock",-101.8833,33.5667,-1.51613670566441,-3.44493664285714,"gs",166.77
"1990-1991","ninnescah",-97.672833,37.538006,0.33691437436773,0.765530357142865,"ds",217.15
"1990-1991","ninnescah",-97.672833,37.538006,0.33691437436773,0.765530357142865,"gs",283.42
"1990-1991","ozona",-101.2,30.71,-1.21541239100146,-2.76163664285714,"ds",435.19
"1990-1991","ozona",-101.2,30.71,-1.21541239100146,-2.76163664285714,"gs",243.69
"1990-1991","psu",-94.6997,37.4103,1.64540754548846,3.73866335714285,"ds",357.85
"1990-1991","psu",-94.6997,37.4103,1.64540754548846,3.73866335714285,"gs",503.32
"1990-1991","shsu",-95.551,30.7233,1.27074545113376,2.88736335714286,"ds",269.67
"1990-1991","shsu",-95.551,30.7233,1.27074545113376,2.88736335714286,"gs",976.68
"1990-1991","vernon",-99.2906,34.1511,-0.375074316338159,-0.852236642857136,"ds",270.79
"1990-1991","vernon",-99.2906,34.1511,-0.375074316338159,-0.852236642857136,"gs",356.62
"1990-1991","wf",-98.514125,33.913161,-0.0333431408253389,-0.0757616428571453,"ds",242.9
"1990-1991","wf",-98.514125,33.913161,-0.0333431408253389,-0.0757616428571453,"gs",352.41
"1990-1991","woodward",-99.3978,36.4331,-0.422253661474805,-0.959436642857142,"ds",161.97
"1990-1991","woodward",-99.3978,36.4331,-0.422253661474805,-0.959436642857142,"gs",207.8
"1991-1992","buffalolake",-101.8453,35.1992,-1.49941268406746,-3.40693664285713,"ds",299.09
"1991-1992","buffalolake",-101.8453,35.1992,-1.49941268406746,-3.40693664285713,"gs",313.45
"1991-1992","elreno",-97.9575,35.5303,0.211630767632538,0.480863357142866,"ds",393.61
"1991-1992","elreno",-97.9575,35.5303,0.211630767632538,0.480863357142866,"gs",518.23
"1991-1992","Katy",-95.920129,29.920887,1.10828962565854,2.51823435714286,"ds",458.58
"1991-1992","Katy",-95.920129,29.920887,1.10828962565854,2.51823435714286,"gs",1237.54
"1991-1992","llano",-99.7714,30.4897,-0.586677200122656,-1.33303664285714,"ds",304.25
"1991-1992","llano",-99.7714,30.4897,-0.586677200122656,-1.33303664285714,"gs",526.72
"1991-1992","llela",-96.9644,33.0692,0.648699868893731,1.47396335714286,"ds",336.64
"1991-1992","llela",-96.9644,33.0692,0.648699868893731,1.47396335714286,"gs",916.07
"1991-1992","lostP",-97.469,30.179,0.426622466319573,0.969363357142868,"ds",286.36
"1991-1992","lostP",-97.469,30.179,0.426622466319573,0.969363357142868,"gs",1094.92
"1991-1992","lubbock",-101.8833,33.5667,-1.51613670566441,-3.44493664285714,"ds",365.59
"1991-1992","lubbock",-101.8833,33.5667,-1.51613670566441,-3.44493664285714,"gs",375.24
"1991-1992","ninnescah",-97.672833,37.538006,0.33691437436773,0.765530357142865,"ds",247.45
"1991-1992","ninnescah",-97.672833,37.538006,0.33691437436773,0.765530357142865,"gs",431.28
"1991-1992","ozona",-101.2,30.71,-1.21541239100146,-2.76163664285714,"ds",287.37
"1991-1992","ozona",-101.2,30.71,-1.21541239100146,-2.76163664285714,"gs",420.06
"1991-1992","psu",-94.6997,37.4103,1.64540754548846,3.73866335714285,"ds",278.23
"1991-1992","psu",-94.6997,37.4103,1.64540754548846,3.73866335714285,"gs",606.89
"1991-1992","shsu",-95.551,30.7233,1.27074545113376,2.88736335714286,"ds",450.09
"1991-1992","shsu",-95.551,30.7233,1.27074545113376,2.88736335714286,"gs",1022.64
"1991-1992","vernon",-99.2906,34.1511,-0.375074316338159,-0.852236642857136,"ds",546.56
"1991-1992","vernon",-99.2906,34.1511,-0.375074316338159,-0.852236642857136,"gs",510.35
"1991-1992","wf",-98.514125,33.913161,-0.0333431408253389,-0.0757616428571453,"ds",411.56
"1991-1992","wf",-98.514125,33.913161,-0.0333431408253389,-0.0757616428571453,"gs",597.14
"1991-1992","woodward",-99.3978,36.4331,-0.422253661474805,-0.959436642857142,"ds",206.38
"1991-1992","woodward",-99.3978,36.4331,-0.422253661474805,-0.959436642857142,"gs",322.89
"1992-1993","buffalolake",-101.8453,35.1992,-1.49941268406746,-3.40693664285713,"ds",337.26
"1992-1993","buffalolake",-101.8453,35.1992,-1.49941268406746,-3.40693664285713,"gs",182.58
"1992-1993","elreno",-97.9575,35.5303,0.211630767632538,0.480863357142866,"ds",442.33
"1992-1993","elreno",-97.9575,35.5303,0.211630767632538,0.480863357142866,"gs",743.61
"1992-1993","Katy",-95.920129,29.920887,1.10828962565854,2.51823435714286,"ds",336.61
"1992-1993","Katy",-95.920129,29.920887,1.10828962565854,2.51823435714286,"gs",1025.7
"1992-1993","llano",-99.7714,30.4897,-0.586677200122656,-1.33303664285714,"ds",182.28
"1992-1993","llano",-99.7714,30.4897,-0.586677200122656,-1.33303664285714,"gs",322.1
"1992-1993","llela",-96.9644,33.0692,0.648699868893731,1.47396335714286,"ds",317.78
"1992-1993","llela",-96.9644,33.0692,0.648699868893731,1.47396335714286,"gs",638.94
"1992-1993","lostP",-97.469,30.179,0.426622466319573,0.969363357142868,"ds",263.2
"1992-1993","lostP",-97.469,30.179,0.426622466319573,0.969363357142868,"gs",667.84
"1992-1993","lubbock",-101.8833,33.5667,-1.51613670566441,-3.44493664285714,"ds",240.55
"1992-1993","lubbock",-101.8833,33.5667,-1.51613670566441,-3.44493664285714,"gs",207.85
"1992-1993","ninnescah",-97.672833,37.538006,0.33691437436773,0.765530357142865,"ds",375.36
"1992-1993","ninnescah",-97.672833,37.538006,0.33691437436773,0.765530357142865,"gs",688.81
"1992-1993","ozona",-101.2,30.71,-1.21541239100146,-2.76163664285714,"ds",171.49
"1992-1993","ozona",-101.2,30.71,-1.21541239100146,-2.76163664285714,"gs",186.11
"1992-1993","psu",-94.6997,37.4103,1.64540754548846,3.73866335714285,"ds",788.16
"1992-1993","psu",-94.6997,37.4103,1.64540754548846,3.73866335714285,"gs",988.97
"1992-1993","shsu",-95.551,30.7233,1.27074545113376,2.88736335714286,"ds",284.19
"1992-1993","shsu",-95.551,30.7233,1.27074545113376,2.88736335714286,"gs",1020.39
"1992-1993","vernon",-99.2906,34.1511,-0.375074316338159,-0.852236642857136,"ds",352.73
"1992-1993","vernon",-99.2906,34.1511,-0.375074316338159,-0.852236642857136,"gs",604.35
"1992-1993","wf",-98.514125,33.913161,-0.0333431408253389,-0.0757616428571453,"ds",340.39
"1992-1993","wf",-98.514125,33.913161,-0.0333431408253389,-0.0757616428571453,"gs",580.77
"1992-1993","woodward",-99.3978,36.4331,-0.422253661474805,-0.959436642857142,"ds",270.12
"1992-1993","woodward",-99.3978,36.4331,-0.422253661474805,-0.959436642857142,"gs",429.73
"1993-1994","buffalolake",-101.8453,35.1992,-1.49941268406746,-3.40693664285713,"ds",331.81
"1993-1994","buffalolake",-101.8453,35.1992,-1.49941268406746,-3.40693664285713,"gs",202.94
"1993-1994","elreno",-97.9575,35.5303,0.211630767632538,0.480863357142866,"ds",372.53
"1993-1994","elreno",-97.9575,35.5303,0.211630767632538,0.480863357142866,"gs",448.14
"1993-1994","Katy",-95.920129,29.920887,1.10828962565854,2.51823435714286,"ds",346.4
"1993-1994","Katy",-95.920129,29.920887,1.10828962565854,2.51823435714286,"gs",679.87
"1993-1994","llano",-99.7714,30.4897,-0.586677200122656,-1.33303664285714,"ds",194.28
"1993-1994","llano",-99.7714,30.4897,-0.586677200122656,-1.33303664285714,"gs",248.45
"1993-1994","llela",-96.9644,33.0692,0.648699868893731,1.47396335714286,"ds",241.65
"1993-1994","llela",-96.9644,33.0692,0.648699868893731,1.47396335714286,"gs",621.33
"1993-1994","lostP",-97.469,30.179,0.426622466319573,0.969363357142868,"ds",117.29
"1993-1994","lostP",-97.469,30.179,0.426622466319573,0.969363357142868,"gs",444.61
"1993-1994","lubbock",-101.8833,33.5667,-1.51613670566441,-3.44493664285714,"ds",179.57
"1993-1994","lubbock",-101.8833,33.5667,-1.51613670566441,-3.44493664285714,"gs",272.01
"1993-1994","ninnescah",-97.672833,37.538006,0.33691437436773,0.765530357142865,"ds",370.23
"1993-1994","ninnescah",-97.672833,37.538006,0.33691437436773,0.765530357142865,"gs",269.5
"1993-1994","ozona",-101.2,30.71,-1.21541239100146,-2.76163664285714,"ds",218.38
"1993-1994","ozona",-101.2,30.71,-1.21541239100146,-2.76163664285714,"gs",140.51
"1993-1994","psu",-94.6997,37.4103,1.64540754548846,3.73866335714285,"ds",828.87
"1993-1994","psu",-94.6997,37.4103,1.64540754548846,3.73866335714285,"gs",694.47
"1993-1994","shsu",-95.551,30.7233,1.27074545113376,2.88736335714286,"ds",349.32
"1993-1994","shsu",-95.551,30.7233,1.27074545113376,2.88736335714286,"gs",800.54
"1993-1994","vernon",-99.2906,34.1511,-0.375074316338159,-0.852236642857136,"ds",224.42
"1993-1994","vernon",-99.2906,34.1511,-0.375074316338159,-0.852236642857136,"gs",400.3
"1993-1994","wf",-98.514125,33.913161,-0.0333431408253389,-0.0757616428571453,"ds",220.87
"1993-1994","wf",-98.514125,33.913161,-0.0333431408253389,-0.0757616428571453,"gs",402.77
"1993-1994","woodward",-99.3978,36.4331,-0.422253661474805,-0.959436642857142,"ds",237.72
"1993-1994","woodward",-99.3978,36.4331,-0.422253661474805,-0.959436642857142,"gs",260.52
"1994-1995","buffalolake",-101.8453,35.1992,-1.49941268406746,-3.40693664285713,"ds",278.21
"1994-1995","buffalolake",-101.8453,35.1992,-1.49941268406746,-3.40693664285713,"gs",236.42
"1994-1995","elreno",-97.9575,35.5303,0.211630767632538,0.480863357142866,"ds",210.53
"1994-1995","elreno",-97.9575,35.5303,0.211630767632538,0.480863357142866,"gs",563.92
"1994-1995","Katy",-95.920129,29.920887,1.10828962565854,2.51823435714286,"ds",290.97
"1994-1995","Katy",-95.920129,29.920887,1.10828962565854,2.51823435714286,"gs",953.42
"1994-1995","llano",-99.7714,30.4897,-0.586677200122656,-1.33303664285714,"ds",217.46
"1994-1995","llano",-99.7714,30.4897,-0.586677200122656,-1.33303664285714,"gs",383.09
"1994-1995","llela",-96.9644,33.0692,0.648699868893731,1.47396335714286,"ds",435.58
"1994-1995","llela",-96.9644,33.0692,0.648699868893731,1.47396335714286,"gs",1041.99
"1994-1995","lostP",-97.469,30.179,0.426622466319573,0.969363357142868,"ds",213.06
"1994-1995","lostP",-97.469,30.179,0.426622466319573,0.969363357142868,"gs",879.34
"1994-1995","lubbock",-101.8833,33.5667,-1.51613670566441,-3.44493664285714,"ds",112.72
"1994-1995","lubbock",-101.8833,33.5667,-1.51613670566441,-3.44493664285714,"gs",176.64
"1994-1995","ninnescah",-97.672833,37.538006,0.33691437436773,0.765530357142865,"ds",270.79
"1994-1995","ninnescah",-97.672833,37.538006,0.33691437436773,0.765530357142865,"gs",577.5
"1994-1995","ozona",-101.2,30.71,-1.21541239100146,-2.76163664285714,"ds",79.93
"1994-1995","ozona",-101.2,30.71,-1.21541239100146,-2.76163664285714,"gs",354.33
"1994-1995","psu",-94.6997,37.4103,1.64540754548846,3.73866335714285,"ds",392.3
"1994-1995","psu",-94.6997,37.4103,1.64540754548846,3.73866335714285,"gs",963.58
"1994-1995","shsu",-95.551,30.7233,1.27074545113376,2.88736335714286,"ds",364.03
"1994-1995","shsu",-95.551,30.7233,1.27074545113376,2.88736335714286,"gs",1269.41
"1994-1995","vernon",-99.2906,34.1511,-0.375074316338159,-0.852236642857136,"ds",172.23
"1994-1995","vernon",-99.2906,34.1511,-0.375074316338159,-0.852236642857136,"gs",522.17
"1994-1995","wf",-98.514125,33.913161,-0.0333431408253389,-0.0757616428571453,"ds",180.36
"1994-1995","wf",-98.514125,33.913161,-0.0333431408253389,-0.0757616428571453,"gs",618.48
"1994-1995","woodward",-99.3978,36.4331,-0.422253661474805,-0.959436642857142,"ds",199.58
"1994-1995","woodward",-99.3978,36.4331,-0.422253661474805,-0.959436642857142,"gs",383.79
"1995-1996","buffalolake",-101.8453,35.1992,-1.49941268406746,-3.40693664285713,"ds",292.02
"1995-1996","buffalolake",-101.8453,35.1992,-1.49941268406746,-3.40693664285713,"gs",82.18
"1995-1996","elreno",-97.9575,35.5303,0.211630767632538,0.480863357142866,"ds",576.07
"1995-1996","elreno",-97.9575,35.5303,0.211630767632538,0.480863357142866,"gs",168.4
"1995-1996","Katy",-95.920129,29.920887,1.10828962565854,2.51823435714286,"ds",326.1
"1995-1996","Katy",-95.920129,29.920887,1.10828962565854,2.51823435714286,"gs",353.3
"1995-1996","llano",-99.7714,30.4897,-0.586677200122656,-1.33303664285714,"ds",203.25
"1995-1996","llano",-99.7714,30.4897,-0.586677200122656,-1.33303664285714,"gs",153.01
"1995-1996","llela",-96.9644,33.0692,0.648699868893731,1.47396335714286,"ds",275.51
"1995-1996","llela",-96.9644,33.0692,0.648699868893731,1.47396335714286,"gs",252.12
"1995-1996","lostP",-97.469,30.179,0.426622466319573,0.969363357142868,"ds",246.4
"1995-1996","lostP",-97.469,30.179,0.426622466319573,0.969363357142868,"gs",245.57
"1995-1996","lubbock",-101.8833,33.5667,-1.51613670566441,-3.44493664285714,"ds",326
"1995-1996","lubbock",-101.8833,33.5667,-1.51613670566441,-3.44493664285714,"gs",133.61
"1995-1996","ninnescah",-97.672833,37.538006,0.33691437436773,0.765530357142865,"ds",509.77
"1995-1996","ninnescah",-97.672833,37.538006,0.33691437436773,0.765530357142865,"gs",204.92
"1995-1996","ozona",-101.2,30.71,-1.21541239100146,-2.76163664285714,"ds",106.77
"1995-1996","ozona",-101.2,30.71,-1.21541239100146,-2.76163664285714,"gs",206.85
"1995-1996","psu",-94.6997,37.4103,1.64540754548846,3.73866335714285,"ds",482.03
"1995-1996","psu",-94.6997,37.4103,1.64540754548846,3.73866335714285,"gs",426.87
"1995-1996","shsu",-95.551,30.7233,1.27074545113376,2.88736335714286,"ds",466.16
"1995-1996","shsu",-95.551,30.7233,1.27074545113376,2.88736335714286,"gs",401.01
"1995-1996","vernon",-99.2906,34.1511,-0.375074316338159,-0.852236642857136,"ds",665.61
"1995-1996","vernon",-99.2906,34.1511,-0.375074316338159,-0.852236642857136,"gs",149.62
"1995-1996","wf",-98.514125,33.913161,-0.0333431408253389,-0.0757616428571453,"ds",411.52
"1995-1996","wf",-98.514125,33.913161,-0.0333431408253389,-0.0757616428571453,"gs",199.58
"1995-1996","woodward",-99.3978,36.4331,-0.422253661474805,-0.959436642857142,"ds",326
"1995-1996","woodward",-99.3978,36.4331,-0.422253661474805,-0.959436642857142,"gs",127.33
"1996-1997","buffalolake",-101.8453,35.1992,-1.49941268406746,-3.40693664285713,"ds",435.38
"1996-1997","buffalolake",-101.8453,35.1992,-1.49941268406746,-3.40693664285713,"gs",308.13
"1996-1997","elreno",-97.9575,35.5303,0.211630767632538,0.480863357142866,"ds",488.62
"1996-1997","elreno",-97.9575,35.5303,0.211630767632538,0.480863357142866,"gs",492.98
"1996-1997","Katy",-95.920129,29.920887,1.10828962565854,2.51823435714286,"ds",514.49
"1996-1997","Katy",-95.920129,29.920887,1.10828962565854,2.51823435714286,"gs",952.38
"1996-1997","llano",-99.7714,30.4897,-0.586677200122656,-1.33303664285714,"ds",266.27
"1996-1997","llano",-99.7714,30.4897,-0.586677200122656,-1.33303664285714,"gs",521.1
"1996-1997","llela",-96.9644,33.0692,0.648699868893731,1.47396335714286,"ds",324.07
"1996-1997","llela",-96.9644,33.0692,0.648699868893731,1.47396335714286,"gs",856.55
"1996-1997","lostP",-97.469,30.179,0.426622466319573,0.969363357142868,"ds",402.31
"1996-1997","lostP",-97.469,30.179,0.426622466319573,0.969363357142868,"gs",640.27
"1996-1997","lubbock",-101.8833,33.5667,-1.51613670566441,-3.44493664285714,"ds",263.3
"1996-1997","lubbock",-101.8833,33.5667,-1.51613670566441,-3.44493664285714,"gs",292.19
"1996-1997","ninnescah",-97.672833,37.538006,0.33691437436773,0.765530357142865,"ds",450.32
"1996-1997","ninnescah",-97.672833,37.538006,0.33691437436773,0.765530357142865,"gs",450.93
"1996-1997","ozona",-101.2,30.71,-1.21541239100146,-2.76163664285714,"ds",283.34
"1996-1997","ozona",-101.2,30.71,-1.21541239100146,-2.76163664285714,"gs",390.43
"1996-1997","psu",-94.6997,37.4103,1.64540754548846,3.73866335714285,"ds",536.48
"1996-1997","psu",-94.6997,37.4103,1.64540754548846,3.73866335714285,"gs",653.78
"1996-1997","shsu",-95.551,30.7233,1.27074545113376,2.88736335714286,"ds",515.3
"1996-1997","shsu",-95.551,30.7233,1.27074545113376,2.88736335714286,"gs",801.82
"1996-1997","vernon",-99.2906,34.1511,-0.375074316338159,-0.852236642857136,"ds",340.15
"1996-1997","vernon",-99.2906,34.1511,-0.375074316338159,-0.852236642857136,"gs",449.18
"1996-1997","wf",-98.514125,33.913161,-0.0333431408253389,-0.0757616428571453,"ds",376.95
"1996-1997","wf",-98.514125,33.913161,-0.0333431408253389,-0.0757616428571453,"gs",522
"1996-1997","woodward",-99.3978,36.4331,-0.422253661474805,-0.959436642857142,"ds",562.5
"1996-1997","woodward",-99.3978,36.4331,-0.422253661474805,-0.959436642857142,"gs",366.94
"1997-1998","buffalolake",-101.8453,35.1992,-1.49941268406746,-3.40693664285713,"ds",312.87
"1997-1998","buffalolake",-101.8453,35.1992,-1.49941268406746,-3.40693664285713,"gs",263.57
"1997-1998","elreno",-97.9575,35.5303,0.211630767632538,0.480863357142866,"ds",378.37
"1997-1998","elreno",-97.9575,35.5303,0.211630767632538,0.480863357142866,"gs",517.33
"1997-1998","Katy",-95.920129,29.920887,1.10828962565854,2.51823435714286,"ds",419.56
"1997-1998","Katy",-95.920129,29.920887,1.10828962565854,2.51823435714286,"gs",774.14
"1997-1998","llano",-99.7714,30.4897,-0.586677200122656,-1.33303664285714,"ds",169.73
"1997-1998","llano",-99.7714,30.4897,-0.586677200122656,-1.33303664285714,"gs",199.97
"1997-1998","llela",-96.9644,33.0692,0.648699868893731,1.47396335714286,"ds",233.6
"1997-1998","llela",-96.9644,33.0692,0.648699868893731,1.47396335714286,"gs",717.39
"1997-1998","lostP",-97.469,30.179,0.426622466319573,0.969363357142868,"ds",257.27
"1997-1998","lostP",-97.469,30.179,0.426622466319573,0.969363357142868,"gs",463.59
"1997-1998","lubbock",-101.8833,33.5667,-1.51613670566441,-3.44493664285714,"ds",231.5
"1997-1998","lubbock",-101.8833,33.5667,-1.51613670566441,-3.44493664285714,"gs",191.12
"1997-1998","ninnescah",-97.672833,37.538006,0.33691437436773,0.765530357142865,"ds",521.81
"1997-1998","ninnescah",-97.672833,37.538006,0.33691437436773,0.765530357142865,"gs",429.42
"1997-1998","ozona",-101.2,30.71,-1.21541239100146,-2.76163664285714,"ds",138.26
"1997-1998","ozona",-101.2,30.71,-1.21541239100146,-2.76163664285714,"gs",154.53
"1997-1998","psu",-94.6997,37.4103,1.64540754548846,3.73866335714285,"ds",535.26
"1997-1998","psu",-94.6997,37.4103,1.64540754548846,3.73866335714285,"gs",679.07
"1997-1998","shsu",-95.551,30.7233,1.27074545113376,2.88736335714286,"ds",321.33
"1997-1998","shsu",-95.551,30.7233,1.27074545113376,2.88736335714286,"gs",652.79
"1997-1998","vernon",-99.2906,34.1511,-0.375074316338159,-0.852236642857136,"ds",341.41
"1997-1998","vernon",-99.2906,34.1511,-0.375074316338159,-0.852236642857136,"gs",389.12
"1997-1998","wf",-98.514125,33.913161,-0.0333431408253389,-0.0757616428571453,"ds",183.84
"1997-1998","wf",-98.514125,33.913161,-0.0333431408253389,-0.0757616428571453,"gs",518.92
"1997-1998","woodward",-99.3978,36.4331,-0.422253661474805,-0.959436642857142,"ds",292.79
"1997-1998","woodward",-99.3978,36.4331,-0.422253661474805,-0.959436642857142,"gs",403.05
"1998-1999","buffalolake",-101.8453,35.1992,-1.49941268406746,-3.40693664285713,"ds",96.86
"1998-1999","buffalolake",-101.8453,35.1992,-1.49941268406746,-3.40693664285713,"gs",559.31
"1998-1999","elreno",-97.9575,35.5303,0.211630767632538,0.480863357142866,"ds",106.74
"1998-1999","elreno",-97.9575,35.5303,0.211630767632538,0.480863357142866,"gs",615.2
"1998-1999","Katy",-95.920129,29.920887,1.10828962565854,2.51823435714286,"ds",477.35
"1998-1999","Katy",-95.920129,29.920887,1.10828962565854,2.51823435714286,"gs",940.34
"1998-1999","llano",-99.7714,30.4897,-0.586677200122656,-1.33303664285714,"ds",268.58
"1998-1999","llano",-99.7714,30.4897,-0.586677200122656,-1.33303664285714,"gs",271.94
"1998-1999","llela",-96.9644,33.0692,0.648699868893731,1.47396335714286,"ds",99.54
"1998-1999","llela",-96.9644,33.0692,0.648699868893731,1.47396335714286,"gs",683.73
"1998-1999","lostP",-97.469,30.179,0.426622466319573,0.969363357142868,"ds",231.5
"1998-1999","lostP",-97.469,30.179,0.426622466319573,0.969363357142868,"gs",663.93
"1998-1999","lubbock",-101.8833,33.5667,-1.51613670566441,-3.44493664285714,"ds",134.32
"1998-1999","lubbock",-101.8833,33.5667,-1.51613670566441,-3.44493664285714,"gs",339.74
"1998-1999","ninnescah",-97.672833,37.538006,0.33691437436773,0.765530357142865,"ds",242.71
"1998-1999","ninnescah",-97.672833,37.538006,0.33691437436773,0.765530357142865,"gs",756.84
"1998-1999","ozona",-101.2,30.71,-1.21541239100146,-2.76163664285714,"ds",244.28
"1998-1999","ozona",-101.2,30.71,-1.21541239100146,-2.76163664285714,"gs",268.44
"1998-1999","psu",-94.6997,37.4103,1.64540754548846,3.73866335714285,"ds",555.14
"1998-1999","psu",-94.6997,37.4103,1.64540754548846,3.73866335714285,"gs",1013.76
"1998-1999","shsu",-95.551,30.7233,1.27074545113376,2.88736335714286,"ds",323.38
"1998-1999","shsu",-95.551,30.7233,1.27074545113376,2.88736335714286,"gs",874.52
"1998-1999","vernon",-99.2906,34.1511,-0.375074316338159,-0.852236642857136,"ds",66.36
"1998-1999","vernon",-99.2906,34.1511,-0.375074316338159,-0.852236642857136,"gs",468.86
"1998-1999","wf",-98.514125,33.913161,-0.0333431408253389,-0.0757616428571453,"ds",148.89
"1998-1999","wf",-98.514125,33.913161,-0.0333431408253389,-0.0757616428571453,"gs",550.43
"1998-1999","woodward",-99.3978,36.4331,-0.422253661474805,-0.959436642857142,"ds",144.7
"1998-1999","woodward",-99.3978,36.4331,-0.422253661474805,-0.959436642857142,"gs",606.57
"1999-2000","buffalolake",-101.8453,35.1992,-1.49941268406746,-3.40693664285713,"ds",273.33
"1999-2000","buffalolake",-101.8453,35.1992,-1.49941268406746,-3.40693664285713,"gs",164.91
"1999-2000","elreno",-97.9575,35.5303,0.211630767632538,0.480863357142866,"ds",315.28
"1999-2000","elreno",-97.9575,35.5303,0.211630767632538,0.480863357142866,"gs",474.65
"1999-2000","Katy",-95.920129,29.920887,1.10828962565854,2.51823435714286,"ds",241.42
"1999-2000","Katy",-95.920129,29.920887,1.10828962565854,2.51823435714286,"gs",526.95
"1999-2000","llano",-99.7714,30.4897,-0.586677200122656,-1.33303664285714,"ds",148.65
"1999-2000","llano",-99.7714,30.4897,-0.586677200122656,-1.33303664285714,"gs",187.82
"1999-2000","llela",-96.9644,33.0692,0.648699868893731,1.47396335714286,"ds",105.71
"1999-2000","llela",-96.9644,33.0692,0.648699868893731,1.47396335714286,"gs",486.88
"1999-2000","lostP",-97.469,30.179,0.426622466319573,0.969363357142868,"ds",174.96
"1999-2000","lostP",-97.469,30.179,0.426622466319573,0.969363357142868,"gs",428.16
"1999-2000","lubbock",-101.8833,33.5667,-1.51613670566441,-3.44493664285714,"ds",248.76
"1999-2000","lubbock",-101.8833,33.5667,-1.51613670566441,-3.44493664285714,"gs",179.88
"1999-2000","ninnescah",-97.672833,37.538006,0.33691437436773,0.765530357142865,"ds",419.95
"1999-2000","ninnescah",-97.672833,37.538006,0.33691437436773,0.765530357142865,"gs",496.31
"1999-2000","ozona",-101.2,30.71,-1.21541239100146,-2.76163664285714,"ds",99.87
"1999-2000","ozona",-101.2,30.71,-1.21541239100146,-2.76163664285714,"gs",75.54
"1999-2000","psu",-94.6997,37.4103,1.64540754548846,3.73866335714285,"ds",420.56
"1999-2000","psu",-94.6997,37.4103,1.64540754548846,3.73866335714285,"gs",592
"1999-2000","shsu",-95.551,30.7233,1.27074545113376,2.88736335714286,"ds",300.13
"1999-2000","shsu",-95.551,30.7233,1.27074545113376,2.88736335714286,"gs",537.55
"1999-2000","vernon",-99.2906,34.1511,-0.375074316338159,-0.852236642857136,"ds",173.27
"1999-2000","vernon",-99.2906,34.1511,-0.375074316338159,-0.852236642857136,"gs",318
"1999-2000","wf",-98.514125,33.913161,-0.0333431408253389,-0.0757616428571453,"ds",155.57
"1999-2000","wf",-98.514125,33.913161,-0.0333431408253389,-0.0757616428571453,"gs",342.3
"1999-2000","woodward",-99.3978,36.4331,-0.422253661474805,-0.959436642857142,"ds",303.4
"1999-2000","woodward",-99.3978,36.4331,-0.422253661474805,-0.959436642857142,"gs",359.59
"2000-2001","buffalolake",-101.8453,35.1992,-1.49941268406746,-3.40693664285713,"ds",165.14
"2000-2001","buffalolake",-101.8453,35.1992,-1.49941268406746,-3.40693664285713,"gs",409.76
"2000-2001","elreno",-97.9575,35.5303,0.211630767632538,0.480863357142866,"ds",264.68
"2000-2001","elreno",-97.9575,35.5303,0.211630767632538,0.480863357142866,"gs",618.22
"2000-2001","Katy",-95.920129,29.920887,1.10828962565854,2.51823435714286,"ds",223.63
"2000-2001","Katy",-95.920129,29.920887,1.10828962565854,2.51823435714286,"gs",935.22
"2000-2001","llano",-99.7714,30.4897,-0.586677200122656,-1.33303664285714,"ds",180.69
"2000-2001","llano",-99.7714,30.4897,-0.586677200122656,-1.33303664285714,"gs",640.93
"2000-2001","llela",-96.9644,33.0692,0.648699868893731,1.47396335714286,"ds",150.81
"2000-2001","llela",-96.9644,33.0692,0.648699868893731,1.47396335714286,"gs",953.45
"2000-2001","lostP",-97.469,30.179,0.426622466319573,0.969363357142868,"ds",173.61
"2000-2001","lostP",-97.469,30.179,0.426622466319573,0.969363357142868,"gs",793.06
"2000-2001","lubbock",-101.8833,33.5667,-1.51613670566441,-3.44493664285714,"ds",204.1
"2000-2001","lubbock",-101.8833,33.5667,-1.51613670566441,-3.44493664285714,"gs",346.6
"2000-2001","ninnescah",-97.672833,37.538006,0.33691437436773,0.765530357142865,"ds",283.18
"2000-2001","ninnescah",-97.672833,37.538006,0.33691437436773,0.765530357142865,"gs",487.91
"2000-2001","ozona",-101.2,30.71,-1.21541239100146,-2.76163664285714,"ds",182.84
"2000-2001","ozona",-101.2,30.71,-1.21541239100146,-2.76163664285714,"gs",358.82
"2000-2001","psu",-94.6997,37.4103,1.64540754548846,3.73866335714285,"ds",450.32
"2000-2001","psu",-94.6997,37.4103,1.64540754548846,3.73866335714285,"gs",666.11
"2000-2001","shsu",-95.551,30.7233,1.27074545113376,2.88736335714286,"ds",250.96
"2000-2001","shsu",-95.551,30.7233,1.27074545113376,2.88736335714286,"gs",1059.04
"2000-2001","vernon",-99.2906,34.1511,-0.375074316338159,-0.852236642857136,"ds",173.79
"2000-2001","vernon",-99.2906,34.1511,-0.375074316338159,-0.852236642857136,"gs",603.04
"2000-2001","wf",-98.514125,33.913161,-0.0333431408253389,-0.0757616428571453,"ds",132.76
"2000-2001","wf",-98.514125,33.913161,-0.0333431408253389,-0.0757616428571453,"gs",701.69
"2000-2001","woodward",-99.3978,36.4331,-0.422253661474805,-0.959436642857142,"ds",217.88
"2000-2001","woodward",-99.3978,36.4331,-0.422253661474805,-0.959436642857142,"gs",558.3
"2001-2002","buffalolake",-101.8453,35.1992,-1.49941268406746,-3.40693664285713,"ds",155.75
"2001-2002","buffalolake",-101.8453,35.1992,-1.49941268406746,-3.40693664285713,"gs",152.36
"2001-2002","elreno",-97.9575,35.5303,0.211630767632538,0.480863357142866,"ds",201.26
"2001-2002","elreno",-97.9575,35.5303,0.211630767632538,0.480863357142866,"gs",383.83
"2001-2002","Katy",-95.920129,29.920887,1.10828962565854,2.51823435714286,"ds",565.35
"2001-2002","Katy",-95.920129,29.920887,1.10828962565854,2.51823435714286,"gs",584
"2001-2002","llano",-99.7714,30.4897,-0.586677200122656,-1.33303664285714,"ds",147.33
"2001-2002","llano",-99.7714,30.4897,-0.586677200122656,-1.33303664285714,"gs",253.25
"2001-2002","llela",-96.9644,33.0692,0.648699868893731,1.47396335714286,"ds",248.42
"2001-2002","llela",-96.9644,33.0692,0.648699868893731,1.47396335714286,"gs",689.26
"2001-2002","lostP",-97.469,30.179,0.426622466319573,0.969363357142868,"ds",362.31
"2001-2002","lostP",-97.469,30.179,0.426622466319573,0.969363357142868,"gs",529.69
"2001-2002","lubbock",-101.8833,33.5667,-1.51613670566441,-3.44493664285714,"ds",88.69
"2001-2002","lubbock",-101.8833,33.5667,-1.51613670566441,-3.44493664285714,"gs",220.83
"2001-2002","ninnescah",-97.672833,37.538006,0.33691437436773,0.765530357142865,"ds",270.45
"2001-2002","ninnescah",-97.672833,37.538006,0.33691437436773,0.765530357142865,"gs",304.24
"2001-2002","ozona",-101.2,30.71,-1.21541239100146,-2.76163664285714,"ds",116.9
"2001-2002","ozona",-101.2,30.71,-1.21541239100146,-2.76163664285714,"gs",186.98
"2001-2002","psu",-94.6997,37.4103,1.64540754548846,3.73866335714285,"ds",410.91
"2001-2002","psu",-94.6997,37.4103,1.64540754548846,3.73866335714285,"gs",805.34
"2001-2002","shsu",-95.551,30.7233,1.27074545113376,2.88736335714286,"ds",785.5
"2001-2002","shsu",-95.551,30.7233,1.27074545113376,2.88736335714286,"gs",635.42
"2001-2002","vernon",-99.2906,34.1511,-0.375074316338159,-0.852236642857136,"ds",87.4
"2001-2002","vernon",-99.2906,34.1511,-0.375074316338159,-0.852236642857136,"gs",375.43
"2001-2002","wf",-98.514125,33.913161,-0.0333431408253389,-0.0757616428571453,"ds",116.17
"2001-2002","wf",-98.514125,33.913161,-0.0333431408253389,-0.0757616428571453,"gs",413.7
"2001-2002","woodward",-99.3978,36.4331,-0.422253661474805,-0.959436642857142,"ds",183.54
"2001-2002","woodward",-99.3978,36.4331,-0.422253661474805,-0.959436642857142,"gs",178.46
"2002-2003","buffalolake",-101.8453,35.1992,-1.49941268406746,-3.40693664285713,"ds",245.09
"2002-2003","buffalolake",-101.8453,35.1992,-1.49941268406746,-3.40693664285713,"gs",187.1
"2002-2003","elreno",-97.9575,35.5303,0.211630767632538,0.480863357142866,"ds",311.13
"2002-2003","elreno",-97.9575,35.5303,0.211630767632538,0.480863357142866,"gs",391.02
"2002-2003","Katy",-95.920129,29.920887,1.10828962565854,2.51823435714286,"ds",541.06
"2002-2003","Katy",-95.920129,29.920887,1.10828962565854,2.51823435714286,"gs",799.71
"2002-2003","llano",-99.7714,30.4897,-0.586677200122656,-1.33303664285714,"ds",173.45
"2002-2003","llano",-99.7714,30.4897,-0.586677200122656,-1.33303664285714,"gs",322.75
"2002-2003","llela",-96.9644,33.0692,0.648699868893731,1.47396335714286,"ds",183
"2002-2003","llela",-96.9644,33.0692,0.648699868893731,1.47396335714286,"gs",577.12
"2002-2003","lostP",-97.469,30.179,0.426622466319573,0.969363357142868,"ds",306.35
"2002-2003","lostP",-97.469,30.179,0.426622466319573,0.969363357142868,"gs",695.94
"2002-2003","lubbock",-101.8833,33.5667,-1.51613670566441,-3.44493664285714,"ds",187.39
"2002-2003","lubbock",-101.8833,33.5667,-1.51613670566441,-3.44493664285714,"gs",247.49
"2002-2003","ninnescah",-97.672833,37.538006,0.33691437436773,0.765530357142865,"ds",336.6
"2002-2003","ninnescah",-97.672833,37.538006,0.33691437436773,0.765530357142865,"gs",599.85
"2002-2003","ozona",-101.2,30.71,-1.21541239100146,-2.76163664285714,"ds",139.19
"2002-2003","ozona",-101.2,30.71,-1.21541239100146,-2.76163664285714,"gs",457.8
"2002-2003","psu",-94.6997,37.4103,1.64540754548846,3.73866335714285,"ds",324.64
"2002-2003","psu",-94.6997,37.4103,1.64540754548846,3.73866335714285,"gs",558.08
"2002-2003","shsu",-95.551,30.7233,1.27074545113376,2.88736335714286,"ds",437.95
"2002-2003","shsu",-95.551,30.7233,1.27074545113376,2.88736335714286,"gs",972.57
"2002-2003","vernon",-99.2906,34.1511,-0.375074316338159,-0.852236642857136,"ds",304.04
"2002-2003","vernon",-99.2906,34.1511,-0.375074316338159,-0.852236642857136,"gs",370.03
"2002-2003","wf",-98.514125,33.913161,-0.0333431408253389,-0.0757616428571453,"ds",315.86
"2002-2003","wf",-98.514125,33.913161,-0.0333431408253389,-0.0757616428571453,"gs",400.57
"2002-2003","woodward",-99.3978,36.4331,-0.422253661474805,-0.959436642857142,"ds",293.73
"2002-2003","woodward",-99.3978,36.4331,-0.422253661474805,-0.959436642857142,"gs",394.21
"2003-2004","buffalolake",-101.8453,35.1992,-1.49941268406746,-3.40693664285713,"ds",278.62
"2003-2004","buffalolake",-101.8453,35.1992,-1.49941268406746,-3.40693664285713,"gs",208.05
"2003-2004","elreno",-97.9575,35.5303,0.211630767632538,0.480863357142866,"ds",221.66
"2003-2004","elreno",-97.9575,35.5303,0.211630767632538,0.480863357142866,"gs",358.41
"2003-2004","Katy",-95.920129,29.920887,1.10828962565854,2.51823435714286,"ds",457.83
"2003-2004","Katy",-95.920129,29.920887,1.10828962565854,2.51823435714286,"gs",965.22
"2003-2004","llano",-99.7714,30.4897,-0.586677200122656,-1.33303664285714,"ds",259.06
"2003-2004","llano",-99.7714,30.4897,-0.586677200122656,-1.33303664285714,"gs",345.81
"2003-2004","llela",-96.9644,33.0692,0.648699868893731,1.47396335714286,"ds",303.58
"2003-2004","llela",-96.9644,33.0692,0.648699868893731,1.47396335714286,"gs",518.09
"2003-2004","lostP",-97.469,30.179,0.426622466319573,0.969363357142868,"ds",314.29
"2003-2004","lostP",-97.469,30.179,0.426622466319573,0.969363357142868,"gs",445.02
"2003-2004","lubbock",-101.8833,33.5667,-1.51613670566441,-3.44493664285714,"ds",141.09
"2003-2004","lubbock",-101.8833,33.5667,-1.51613670566441,-3.44493664285714,"gs",285.14
"2003-2004","ninnescah",-97.672833,37.538006,0.33691437436773,0.765530357142865,"ds",356.43
"2003-2004","ninnescah",-97.672833,37.538006,0.33691437436773,0.765530357142865,"gs",463.7
"2003-2004","ozona",-101.2,30.71,-1.21541239100146,-2.76163664285714,"ds",199.29
"2003-2004","ozona",-101.2,30.71,-1.21541239100146,-2.76163664285714,"gs",379.93
"2003-2004","psu",-94.6997,37.4103,1.64540754548846,3.73866335714285,"ds",448.17
"2003-2004","psu",-94.6997,37.4103,1.64540754548846,3.73866335714285,"gs",702.37
"2003-2004","shsu",-95.551,30.7233,1.27074545113376,2.88736335714286,"ds",554.47
"2003-2004","shsu",-95.551,30.7233,1.27074545113376,2.88736335714286,"gs",993.7
"2003-2004","vernon",-99.2906,34.1511,-0.375074316338159,-0.852236642857136,"ds",231.31
"2003-2004","vernon",-99.2906,34.1511,-0.375074316338159,-0.852236642857136,"gs",299.78
"2003-2004","wf",-98.514125,33.913161,-0.0333431408253389,-0.0757616428571453,"ds",280.54
"2003-2004","wf",-98.514125,33.913161,-0.0333431408253389,-0.0757616428571453,"gs",333.92
"2003-2004","woodward",-99.3978,36.4331,-0.422253661474805,-0.959436642857142,"ds",295.24
"2003-2004","woodward",-99.3978,36.4331,-0.422253661474805,-0.959436642857142,"gs",249.59
"2004-2005","buffalolake",-101.8453,35.1992,-1.49941268406746,-3.40693664285713,"ds",354.33
"2004-2005","buffalolake",-101.8453,35.1992,-1.49941268406746,-3.40693664285713,"gs",400.56
"2004-2005","elreno",-97.9575,35.5303,0.211630767632538,0.480863357142866,"ds",376.09
"2004-2005","elreno",-97.9575,35.5303,0.211630767632538,0.480863357142866,"gs",462.74
"2004-2005","Katy",-95.920129,29.920887,1.10828962565854,2.51823435714286,"ds",467.81
"2004-2005","Katy",-95.920129,29.920887,1.10828962565854,2.51823435714286,"gs",893.77
"2004-2005","llano",-99.7714,30.4897,-0.586677200122656,-1.33303664285714,"ds",240.47
"2004-2005","llano",-99.7714,30.4897,-0.586677200122656,-1.33303664285714,"gs",433.81
"2004-2005","llela",-96.9644,33.0692,0.648699868893731,1.47396335714286,"ds",493.18
"2004-2005","llela",-96.9644,33.0692,0.648699868893731,1.47396335714286,"gs",627.92
"2004-2005","lostP",-97.469,30.179,0.426622466319573,0.969363357142868,"ds",425.53
"2004-2005","lostP",-97.469,30.179,0.426622466319573,0.969363357142868,"gs",769.63
"2004-2005","lubbock",-101.8833,33.5667,-1.51613670566441,-3.44493664285714,"ds",363.14
"2004-2005","lubbock",-101.8833,33.5667,-1.51613670566441,-3.44493664285714,"gs",436.91
"2004-2005","ninnescah",-97.672833,37.538006,0.33691437436773,0.765530357142865,"ds",438.12
"2004-2005","ninnescah",-97.672833,37.538006,0.33691437436773,0.765530357142865,"gs",429.88
"2004-2005","ozona",-101.2,30.71,-1.21541239100146,-2.76163664285714,"ds",292.72
"2004-2005","ozona",-101.2,30.71,-1.21541239100146,-2.76163664285714,"gs",458.98
"2004-2005","psu",-94.6997,37.4103,1.64540754548846,3.73866335714285,"ds",401.37
"2004-2005","psu",-94.6997,37.4103,1.64540754548846,3.73866335714285,"gs",749.44
"2004-2005","shsu",-95.551,30.7233,1.27074545113376,2.88736335714286,"ds",466.07
"2004-2005","shsu",-95.551,30.7233,1.27074545113376,2.88736335714286,"gs",926.13
"2004-2005","vernon",-99.2906,34.1511,-0.375074316338159,-0.852236642857136,"ds",278.84
"2004-2005","vernon",-99.2906,34.1511,-0.375074316338159,-0.852236642857136,"gs",436.17
"2004-2005","wf",-98.514125,33.913161,-0.0333431408253389,-0.0757616428571453,"ds",396.9
"2004-2005","wf",-98.514125,33.913161,-0.0333431408253389,-0.0757616428571453,"gs",508.09
"2004-2005","woodward",-99.3978,36.4331,-0.422253661474805,-0.959436642857142,"ds",336.85
"2004-2005","woodward",-99.3978,36.4331,-0.422253661474805,-0.959436642857142,"gs",358.38
"2005-2006","buffalolake",-101.8453,35.1992,-1.49941268406746,-3.40693664285713,"ds",206.66
"2005-2006","buffalolake",-101.8453,35.1992,-1.49941268406746,-3.40693664285713,"gs",109.09
"2005-2006","elreno",-97.9575,35.5303,0.211630767632538,0.480863357142866,"ds",465.04
"2005-2006","elreno",-97.9575,35.5303,0.211630767632538,0.480863357142866,"gs",260.26
"2005-2006","Katy",-95.920129,29.920887,1.10828962565854,2.51823435714286,"ds",202.35
"2005-2006","Katy",-95.920129,29.920887,1.10828962565854,2.51823435714286,"gs",466.4
"2005-2006","llano",-99.7714,30.4897,-0.586677200122656,-1.33303664285714,"ds",178.04
"2005-2006","llano",-99.7714,30.4897,-0.586677200122656,-1.33303664285714,"gs",209.59
"2005-2006","llela",-96.9644,33.0692,0.648699868893731,1.47396335714286,"ds",140.66
"2005-2006","llela",-96.9644,33.0692,0.648699868893731,1.47396335714286,"gs",369.88
"2005-2006","lostP",-97.469,30.179,0.426622466319573,0.969363357142868,"ds",173.85
"2005-2006","lostP",-97.469,30.179,0.426622466319573,0.969363357142868,"gs",353.81
"2005-2006","lubbock",-101.8833,33.5667,-1.51613670566441,-3.44493664285714,"ds",186.9
"2005-2006","lubbock",-101.8833,33.5667,-1.51613670566441,-3.44493664285714,"gs",206.3
"2005-2006","ninnescah",-97.672833,37.538006,0.33691437436773,0.765530357142865,"ds",609.98
"2005-2006","ninnescah",-97.672833,37.538006,0.33691437436773,0.765530357142865,"gs",309.01
"2005-2006","ozona",-101.2,30.71,-1.21541239100146,-2.76163664285714,"ds",213.19
"2005-2006","ozona",-101.2,30.71,-1.21541239100146,-2.76163664285714,"gs",227.94
"2005-2006","psu",-94.6997,37.4103,1.64540754548846,3.73866335714285,"ds",392.1
"2005-2006","psu",-94.6997,37.4103,1.64540754548846,3.73866335714285,"gs",446.78
"2005-2006","shsu",-95.551,30.7233,1.27074545113376,2.88736335714286,"ds",324.92
"2005-2006","shsu",-95.551,30.7233,1.27074545113376,2.88736335714286,"gs",554.03
"2005-2006","vernon",-99.2906,34.1511,-0.375074316338159,-0.852236642857136,"ds",325.84
"2005-2006","vernon",-99.2906,34.1511,-0.375074316338159,-0.852236642857136,"gs",191.24
"2005-2006","wf",-98.514125,33.913161,-0.0333431408253389,-0.0757616428571453,"ds",412.37
"2005-2006","wf",-98.514125,33.913161,-0.0333431408253389,-0.0757616428571453,"gs",350.94
"2005-2006","woodward",-99.3978,36.4331,-0.422253661474805,-0.959436642857142,"ds",401.31
"2005-2006","woodward",-99.3978,36.4331,-0.422253661474805,-0.959436642857142,"gs",178.74
"2006-2007","buffalolake",-101.8453,35.1992,-1.49941268406746,-3.40693664285713,"ds",321.35
"2006-2007","buffalolake",-101.8453,35.1992,-1.49941268406746,-3.40693664285713,"gs",373.85
"2006-2007","elreno",-97.9575,35.5303,0.211630767632538,0.480863357142866,"ds",291.75
"2006-2007","elreno",-97.9575,35.5303,0.211630767632538,0.480863357142866,"gs",636.9
"2006-2007","Katy",-95.920129,29.920887,1.10828962565854,2.51823435714286,"ds",508.49
"2006-2007","Katy",-95.920129,29.920887,1.10828962565854,2.51823435714286,"gs",976.37
"2006-2007","llano",-99.7714,30.4897,-0.586677200122656,-1.33303664285714,"ds",151.56
"2006-2007","llano",-99.7714,30.4897,-0.586677200122656,-1.33303664285714,"gs",408.36
"2006-2007","llela",-96.9644,33.0692,0.648699868893731,1.47396335714286,"ds",123.04
"2006-2007","llela",-96.9644,33.0692,0.648699868893731,1.47396335714286,"gs",795.48
"2006-2007","lostP",-97.469,30.179,0.426622466319573,0.969363357142868,"ds",227.34
"2006-2007","lostP",-97.469,30.179,0.426622466319573,0.969363357142868,"gs",880.77
"2006-2007","lubbock",-101.8833,33.5667,-1.51613670566441,-3.44493664285714,"ds",241.03
"2006-2007","lubbock",-101.8833,33.5667,-1.51613670566441,-3.44493664285714,"gs",461.45
"2006-2007","ninnescah",-97.672833,37.538006,0.33691437436773,0.765530357142865,"ds",366.04
"2006-2007","ninnescah",-97.672833,37.538006,0.33691437436773,0.765530357142865,"gs",527.17
"2006-2007","ozona",-101.2,30.71,-1.21541239100146,-2.76163664285714,"ds",164.55
"2006-2007","ozona",-101.2,30.71,-1.21541239100146,-2.76163664285714,"gs",486.12
"2006-2007","psu",-94.6997,37.4103,1.64540754548846,3.73866335714285,"ds",275.17
"2006-2007","psu",-94.6997,37.4103,1.64540754548846,3.73866335714285,"gs",762.14
"2006-2007","shsu",-95.551,30.7233,1.27074545113376,2.88736335714286,"ds",385.66
"2006-2007","shsu",-95.551,30.7233,1.27074545113376,2.88736335714286,"gs",1079
"2006-2007","vernon",-99.2906,34.1511,-0.375074316338159,-0.852236642857136,"ds",175.91
"2006-2007","vernon",-99.2906,34.1511,-0.375074316338159,-0.852236642857136,"gs",484.87
"2006-2007","wf",-98.514125,33.913161,-0.0333431408253389,-0.0757616428571453,"ds",151.73
"2006-2007","wf",-98.514125,33.913161,-0.0333431408253389,-0.0757616428571453,"gs",591.45
"2006-2007","woodward",-99.3978,36.4331,-0.422253661474805,-0.959436642857142,"ds",208.71
"2006-2007","woodward",-99.3978,36.4331,-0.422253661474805,-0.959436642857142,"gs",454.87
"2007-2008","buffalolake",-101.8453,35.1992,-1.49941268406746,-3.40693664285713,"ds",274.32
"2007-2008","buffalolake",-101.8453,35.1992,-1.49941268406746,-3.40693664285713,"gs",134.14
"2007-2008","elreno",-97.9575,35.5303,0.211630767632538,0.480863357142866,"ds",676.36
"2007-2008","elreno",-97.9575,35.5303,0.211630767632538,0.480863357142866,"gs",560.71
"2007-2008","Katy",-95.920129,29.920887,1.10828962565854,2.51823435714286,"ds",551.46
"2007-2008","Katy",-95.920129,29.920887,1.10828962565854,2.51823435714286,"gs",655.16
"2007-2008","llano",-99.7714,30.4897,-0.586677200122656,-1.33303664285714,"ds",384.49
"2007-2008","llano",-99.7714,30.4897,-0.586677200122656,-1.33303664285714,"gs",182.4
"2007-2008","llela",-96.9644,33.0692,0.648699868893731,1.47396335714286,"ds",477.55
"2007-2008","llela",-96.9644,33.0692,0.648699868893731,1.47396335714286,"gs",637.48
"2007-2008","lostP",-97.469,30.179,0.426622466319573,0.969363357142868,"ds",490.22
"2007-2008","lostP",-97.469,30.179,0.426622466319573,0.969363357142868,"gs",397.48
"2007-2008","lubbock",-101.8833,33.5667,-1.51613670566441,-3.44493664285714,"ds",234.63
"2007-2008","lubbock",-101.8833,33.5667,-1.51613670566441,-3.44493664285714,"gs",206.97
"2007-2008","ninnescah",-97.672833,37.538006,0.33691437436773,0.765530357142865,"ds",402.62
"2007-2008","ninnescah",-97.672833,37.538006,0.33691437436773,0.765530357142865,"gs",627.6
"2007-2008","ozona",-101.2,30.71,-1.21541239100146,-2.76163664285714,"ds",284.93
"2007-2008","ozona",-101.2,30.71,-1.21541239100146,-2.76163664285714,"gs",106.75
"2007-2008","psu",-94.6997,37.4103,1.64540754548846,3.73866335714285,"ds",670.33
"2007-2008","psu",-94.6997,37.4103,1.64540754548846,3.73866335714285,"gs",866.66
"2007-2008","shsu",-95.551,30.7233,1.27074545113376,2.88736335714286,"ds",484.85
"2007-2008","shsu",-95.551,30.7233,1.27074545113376,2.88736335714286,"gs",749.08
"2007-2008","vernon",-99.2906,34.1511,-0.375074316338159,-0.852236642857136,"ds",393.32
"2007-2008","vernon",-99.2906,34.1511,-0.375074316338159,-0.852236642857136,"gs",330.73
"2007-2008","wf",-98.514125,33.913161,-0.0333431408253389,-0.0757616428571453,"ds",445.87
"2007-2008","wf",-98.514125,33.913161,-0.0333431408253389,-0.0757616428571453,"gs",325.59
"2007-2008","woodward",-99.3978,36.4331,-0.422253661474805,-0.959436642857142,"ds",337.45
"2007-2008","woodward",-99.3978,36.4331,-0.422253661474805,-0.959436642857142,"gs",258.44
"2008-2009","buffalolake",-101.8453,35.1992,-1.49941268406746,-3.40693664285713,"ds",308.88
"2008-2009","buffalolake",-101.8453,35.1992,-1.49941268406746,-3.40693664285713,"gs",229.97
"2008-2009","elreno",-97.9575,35.5303,0.211630767632538,0.480863357142866,"ds",396.07
"2008-2009","elreno",-97.9575,35.5303,0.211630767632538,0.480863357142866,"gs",384.78
"2008-2009","Katy",-95.920129,29.920887,1.10828962565854,2.51823435714286,"ds",439.48
"2008-2009","Katy",-95.920129,29.920887,1.10828962565854,2.51823435714286,"gs",725.91
"2008-2009","llano",-99.7714,30.4897,-0.586677200122656,-1.33303664285714,"ds",143.02
"2008-2009","llano",-99.7714,30.4897,-0.586677200122656,-1.33303664285714,"gs",237.34
"2008-2009","llela",-96.9644,33.0692,0.648699868893731,1.47396335714286,"ds",196.85
"2008-2009","llela",-96.9644,33.0692,0.648699868893731,1.47396335714286,"gs",539.09
"2008-2009","lostP",-97.469,30.179,0.426622466319573,0.969363357142868,"ds",125.08
"2008-2009","lostP",-97.469,30.179,0.426622466319573,0.969363357142868,"gs",292.23
"2008-2009","lubbock",-101.8833,33.5667,-1.51613670566441,-3.44493664285714,"ds",375.04
"2008-2009","lubbock",-101.8833,33.5667,-1.51613670566441,-3.44493664285714,"gs",168.07
"2008-2009","ninnescah",-97.672833,37.538006,0.33691437436773,0.765530357142865,"ds",528.08
"2008-2009","ninnescah",-97.672833,37.538006,0.33691437436773,0.765530357142865,"gs",518.25
"2008-2009","ozona",-101.2,30.71,-1.21541239100146,-2.76163664285714,"ds",244.29
"2008-2009","ozona",-101.2,30.71,-1.21541239100146,-2.76163664285714,"gs",239.4
"2008-2009","psu",-94.6997,37.4103,1.64540754548846,3.73866335714285,"ds",584.94
"2008-2009","psu",-94.6997,37.4103,1.64540754548846,3.73866335714285,"gs",634.4
"2008-2009","shsu",-95.551,30.7233,1.27074545113376,2.88736335714286,"ds",462.85
"2008-2009","shsu",-95.551,30.7233,1.27074545113376,2.88736335714286,"gs",635.25
"2008-2009","vernon",-99.2906,34.1511,-0.375074316338159,-0.852236642857136,"ds",196.09
"2008-2009","vernon",-99.2906,34.1511,-0.375074316338159,-0.852236642857136,"gs",360.74
"2008-2009","wf",-98.514125,33.913161,-0.0333431408253389,-0.0757616428571453,"ds",317.14
"2008-2009","wf",-98.514125,33.913161,-0.0333431408253389,-0.0757616428571453,"gs",412.95
"2008-2009","woodward",-99.3978,36.4331,-0.422253661474805,-0.959436642857142,"ds",335.66
"2008-2009","woodward",-99.3978,36.4331,-0.422253661474805,-0.959436642857142,"gs",299.04
"2009-2010","buffalolake",-101.8453,35.1992,-1.49941268406746,-3.40693664285713,"ds",290.4
"2009-2010","buffalolake",-101.8453,35.1992,-1.49941268406746,-3.40693664285713,"gs",277.16
"2009-2010","elreno",-97.9575,35.5303,0.211630767632538,0.480863357142866,"ds",349.25
"2009-2010","elreno",-97.9575,35.5303,0.211630767632538,0.480863357142866,"gs",430.35
"2009-2010","Katy",-95.920129,29.920887,1.10828962565854,2.51823435714286,"ds",223.6
"2009-2010","Katy",-95.920129,29.920887,1.10828962565854,2.51823435714286,"gs",845.68
"2009-2010","llano",-99.7714,30.4897,-0.586677200122656,-1.33303664285714,"ds",230.93
"2009-2010","llano",-99.7714,30.4897,-0.586677200122656,-1.33303664285714,"gs",430.46
"2009-2010","llela",-96.9644,33.0692,0.648699868893731,1.47396335714286,"ds",353.44
"2009-2010","llela",-96.9644,33.0692,0.648699868893731,1.47396335714286,"gs",672.19
"2009-2010","lostP",-97.469,30.179,0.426622466319573,0.969363357142868,"ds",252.76
"2009-2010","lostP",-97.469,30.179,0.426622466319573,0.969363357142868,"gs",715.71
"2009-2010","lubbock",-101.8833,33.5667,-1.51613670566441,-3.44493664285714,"ds",199.49
"2009-2010","lubbock",-101.8833,33.5667,-1.51613670566441,-3.44493664285714,"gs",374.73
"2009-2010","ninnescah",-97.672833,37.538006,0.33691437436773,0.765530357142865,"ds",439.69
"2009-2010","ninnescah",-97.672833,37.538006,0.33691437436773,0.765530357142865,"gs",400.2
"2009-2010","ozona",-101.2,30.71,-1.21541239100146,-2.76163664285714,"ds",135.94
"2009-2010","ozona",-101.2,30.71,-1.21541239100146,-2.76163664285714,"gs",436.41
"2009-2010","psu",-94.6997,37.4103,1.64540754548846,3.73866335714285,"ds",600.71
"2009-2010","psu",-94.6997,37.4103,1.64540754548846,3.73866335714285,"gs",694.54
"2009-2010","shsu",-95.551,30.7233,1.27074545113376,2.88736335714286,"ds",342.06
"2009-2010","shsu",-95.551,30.7233,1.27074545113376,2.88736335714286,"gs",738.77
"2009-2010","vernon",-99.2906,34.1511,-0.375074316338159,-0.852236642857136,"ds",324.25
"2009-2010","vernon",-99.2906,34.1511,-0.375074316338159,-0.852236642857136,"gs",395.31
"2009-2010","wf",-98.514125,33.913161,-0.0333431408253389,-0.0757616428571453,"ds",314.64
"2009-2010","wf",-98.514125,33.913161,-0.0333431408253389,-0.0757616428571453,"gs",508.37
"2009-2010","woodward",-99.3978,36.4331,-0.422253661474805,-0.959436642857142,"ds",166.21
"2009-2010","woodward",-99.3978,36.4331,-0.422253661474805,-0.959436642857142,"gs",358.04
"2010-2011","buffalolake",-101.8453,35.1992,-1.49941268406746,-3.40693664285713,"ds",285.68
"2010-2011","buffalolake",-101.8453,35.1992,-1.49941268406746,-3.40693664285713,"gs",120.35
"2010-2011","elreno",-97.9575,35.5303,0.211630767632538,0.480863357142866,"ds",345.62
"2010-2011","elreno",-97.9575,35.5303,0.211630767632538,0.480863357142866,"gs",362.73
"2010-2011","Katy",-95.920129,29.920887,1.10828962565854,2.51823435714286,"ds",449.79
"2010-2011","Katy",-95.920129,29.920887,1.10828962565854,2.51823435714286,"gs",294.92
"2010-2011","llano",-99.7714,30.4897,-0.586677200122656,-1.33303664285714,"ds",199.38
"2010-2011","llano",-99.7714,30.4897,-0.586677200122656,-1.33303664285714,"gs",86.12
"2010-2011","llela",-96.9644,33.0692,0.648699868893731,1.47396335714286,"ds",376.32
"2010-2011","llela",-96.9644,33.0692,0.648699868893731,1.47396335714286,"gs",457.93
"2010-2011","lostP",-97.469,30.179,0.426622466319573,0.969363357142868,"ds",357.36
"2010-2011","lostP",-97.469,30.179,0.426622466319573,0.969363357142868,"gs",212.49
"2010-2011","lubbock",-101.8833,33.5667,-1.51613670566441,-3.44493664285714,"ds",309.88
"2010-2011","lubbock",-101.8833,33.5667,-1.51613670566441,-3.44493664285714,"gs",86.74
"2010-2011","ninnescah",-97.672833,37.538006,0.33691437436773,0.765530357142865,"ds",400.62
"2010-2011","ninnescah",-97.672833,37.538006,0.33691437436773,0.765530357142865,"gs",227.95
"2010-2011","ozona",-101.2,30.71,-1.21541239100146,-2.76163664285714,"ds",262.82
"2010-2011","ozona",-101.2,30.71,-1.21541239100146,-2.76163664285714,"gs",93.89
"2010-2011","psu",-94.6997,37.4103,1.64540754548846,3.73866335714285,"ds",517.55
"2010-2011","psu",-94.6997,37.4103,1.64540754548846,3.73866335714285,"gs",556.32
"2010-2011","shsu",-95.551,30.7233,1.27074545113376,2.88736335714286,"ds",411.62
"2010-2011","shsu",-95.551,30.7233,1.27074545113376,2.88736335714286,"gs",365.79
"2010-2011","vernon",-99.2906,34.1511,-0.375074316338159,-0.852236642857136,"ds",366.79
"2010-2011","vernon",-99.2906,34.1511,-0.375074316338159,-0.852236642857136,"gs",174.18
"2010-2011","wf",-98.514125,33.913161,-0.0333431408253389,-0.0757616428571453,"ds",372.69
"2010-2011","wf",-98.514125,33.913161,-0.0333431408253389,-0.0757616428571453,"gs",186.5
"2010-2011","woodward",-99.3978,36.4331,-0.422253661474805,-0.959436642857142,"ds",265.49
"2010-2011","woodward",-99.3978,36.4331,-0.422253661474805,-0.959436642857142,"gs",167.16
"2011-2012","buffalolake",-101.8453,35.1992,-1.49941268406746,-3.40693664285713,"ds",83.75
"2011-2012","buffalolake",-101.8453,35.1992,-1.49941268406746,-3.40693664285713,"gs",221.78
"2011-2012","elreno",-97.9575,35.5303,0.211630767632538,0.480863357142866,"ds",139.52
"2011-2012","elreno",-97.9575,35.5303,0.211630767632538,0.480863357142866,"gs",628.16
"2011-2012","Katy",-95.920129,29.920887,1.10828962565854,2.51823435714286,"ds",82.34
"2011-2012","Katy",-95.920129,29.920887,1.10828962565854,2.51823435714286,"gs",590.65
"2011-2012","llano",-99.7714,30.4897,-0.586677200122656,-1.33303664285714,"ds",60.85
"2011-2012","llano",-99.7714,30.4897,-0.586677200122656,-1.33303664285714,"gs",362.14
"2011-2012","llela",-96.9644,33.0692,0.648699868893731,1.47396335714286,"ds",119.33
"2011-2012","llela",-96.9644,33.0692,0.648699868893731,1.47396335714286,"gs",647.63
"2011-2012","lostP",-97.469,30.179,0.426622466319573,0.969363357142868,"ds",51.77
"2011-2012","lostP",-97.469,30.179,0.426622466319573,0.969363357142868,"gs",758.8
"2011-2012","lubbock",-101.8833,33.5667,-1.51613670566441,-3.44493664285714,"ds",47.61
"2011-2012","lubbock",-101.8833,33.5667,-1.51613670566441,-3.44493664285714,"gs",178.9
"2011-2012","ninnescah",-97.672833,37.538006,0.33691437436773,0.765530357142865,"ds",211.88
"2011-2012","ninnescah",-97.672833,37.538006,0.33691437436773,0.765530357142865,"gs",576.2
"2011-2012","ozona",-101.2,30.71,-1.21541239100146,-2.76163664285714,"ds",71.8
"2011-2012","ozona",-101.2,30.71,-1.21541239100146,-2.76163664285714,"gs",319.07
"2011-2012","psu",-94.6997,37.4103,1.64540754548846,3.73866335714285,"ds",246.67
"2011-2012","psu",-94.6997,37.4103,1.64540754548846,3.73866335714285,"gs",759.18
"2011-2012","shsu",-95.551,30.7233,1.27074545113376,2.88736335714286,"ds",142.12
"2011-2012","shsu",-95.551,30.7233,1.27074545113376,2.88736335714286,"gs",857.22
"2011-2012","vernon",-99.2906,34.1511,-0.375074316338159,-0.852236642857136,"ds",73
"2011-2012","vernon",-99.2906,34.1511,-0.375074316338159,-0.852236642857136,"gs",405.75
"2011-2012","wf",-98.514125,33.913161,-0.0333431408253389,-0.0757616428571453,"ds",63.09
"2011-2012","wf",-98.514125,33.913161,-0.0333431408253389,-0.0757616428571453,"gs",441.93
"2011-2012","woodward",-99.3978,36.4331,-0.422253661474805,-0.959436642857142,"ds",122.04
"2011-2012","woodward",-99.3978,36.4331,-0.422253661474805,-0.959436642857142,"gs",390.12
"2012-2013","buffalolake",-101.8453,35.1992,-1.49941268406746,-3.40693664285713,"ds",167.36
"2012-2013","buffalolake",-101.8453,35.1992,-1.49941268406746,-3.40693664285713,"gs",154.45
"2012-2013","elreno",-97.9575,35.5303,0.211630767632538,0.480863357142866,"ds",225.63
"2012-2013","elreno",-97.9575,35.5303,0.211630767632538,0.480863357142866,"gs",537.76
"2012-2013","Katy",-95.920129,29.920887,1.10828962565854,2.51823435714286,"ds",433.38
"2012-2013","Katy",-95.920129,29.920887,1.10828962565854,2.51823435714286,"gs",406.55
"2012-2013","llano",-99.7714,30.4897,-0.586677200122656,-1.33303664285714,"ds",166.21
"2012-2013","llano",-99.7714,30.4897,-0.586677200122656,-1.33303664285714,"gs",164.82
"2012-2013","llela",-96.9644,33.0692,0.648699868893731,1.47396335714286,"ds",215.16
"2012-2013","llela",-96.9644,33.0692,0.648699868893731,1.47396335714286,"gs",425.72
"2012-2013","lostP",-97.469,30.179,0.426622466319573,0.969363357142868,"ds",290.98
"2012-2013","lostP",-97.469,30.179,0.426622466319573,0.969363357142868,"gs",437.38
"2012-2013","lubbock",-101.8833,33.5667,-1.51613670566441,-3.44493664285714,"ds",166.5
"2012-2013","lubbock",-101.8833,33.5667,-1.51613670566441,-3.44493664285714,"gs",116.58
"2012-2013","ninnescah",-97.672833,37.538006,0.33691437436773,0.765530357142865,"ds",225.4
"2012-2013","ninnescah",-97.672833,37.538006,0.33691437436773,0.765530357142865,"gs",379.46
"2012-2013","ozona",-101.2,30.71,-1.21541239100146,-2.76163664285714,"ds",224.72
"2012-2013","ozona",-101.2,30.71,-1.21541239100146,-2.76163664285714,"gs",105.89
"2012-2013","psu",-94.6997,37.4103,1.64540754548846,3.73866335714285,"ds",303.06
"2012-2013","psu",-94.6997,37.4103,1.64540754548846,3.73866335714285,"gs",703.9
"2012-2013","shsu",-95.551,30.7233,1.27074545113376,2.88736335714286,"ds",554.62
"2012-2013","shsu",-95.551,30.7233,1.27074545113376,2.88736335714286,"gs",660.7
"2012-2013","vernon",-99.2906,34.1511,-0.375074316338159,-0.852236642857136,"ds",277.47
"2012-2013","vernon",-99.2906,34.1511,-0.375074316338159,-0.852236642857136,"gs",251.57
"2012-2013","wf",-98.514125,33.913161,-0.0333431408253389,-0.0757616428571453,"ds",236.37
"2012-2013","wf",-98.514125,33.913161,-0.0333431408253389,-0.0757616428571453,"gs",256.48
"2012-2013","woodward",-99.3978,36.4331,-0.422253661474805,-0.959436642857142,"ds",171.42
"2012-2013","woodward",-99.3978,36.4331,-0.422253661474805,-0.959436642857142,"gs",198.83
"2013-2014","buffalolake",-101.8453,35.1992,-1.49941268406746,-3.40693664285713,"ds",196.99
"2013-2014","buffalolake",-101.8453,35.1992,-1.49941268406746,-3.40693664285713,"gs",162.57
"2013-2014","elreno",-97.9575,35.5303,0.211630767632538,0.480863357142866,"ds",462.62
"2013-2014","elreno",-97.9575,35.5303,0.211630767632538,0.480863357142866,"gs",315.36
"2013-2014","Katy",-95.920129,29.920887,1.10828962565854,2.51823435714286,"ds",235.86
"2013-2014","Katy",-95.920129,29.920887,1.10828962565854,2.51823435714286,"gs",764.54
"2013-2014","llano",-99.7714,30.4897,-0.586677200122656,-1.33303664285714,"ds",201.45
"2013-2014","llano",-99.7714,30.4897,-0.586677200122656,-1.33303664285714,"gs",241.46
"2013-2014","llela",-96.9644,33.0692,0.648699868893731,1.47396335714286,"ds",226.27
"2013-2014","llela",-96.9644,33.0692,0.648699868893731,1.47396335714286,"gs",395.7
"2013-2014","lostP",-97.469,30.179,0.426622466319573,0.969363357142868,"ds",219.47
"2013-2014","lostP",-97.469,30.179,0.426622466319573,0.969363357142868,"gs",691.67
"2013-2014","lubbock",-101.8833,33.5667,-1.51613670566441,-3.44493664285714,"ds",174.21
"2013-2014","lubbock",-101.8833,33.5667,-1.51613670566441,-3.44493664285714,"gs",221.28
"2013-2014","ninnescah",-97.672833,37.538006,0.33691437436773,0.765530357142865,"ds",462.36
"2013-2014","ninnescah",-97.672833,37.538006,0.33691437436773,0.765530357142865,"gs",243.85
"2013-2014","ozona",-101.2,30.71,-1.21541239100146,-2.76163664285714,"ds",230.17
"2013-2014","ozona",-101.2,30.71,-1.21541239100146,-2.76163664285714,"gs",205.68
"2013-2014","psu",-94.6997,37.4103,1.64540754548846,3.73866335714285,"ds",440.86
"2013-2014","psu",-94.6997,37.4103,1.64540754548846,3.73866335714285,"gs",372.68
"2013-2014","shsu",-95.551,30.7233,1.27074545113376,2.88736335714286,"ds",320.01
"2013-2014","shsu",-95.551,30.7233,1.27074545113376,2.88736335714286,"gs",843.4
"2013-2014","vernon",-99.2906,34.1511,-0.375074316338159,-0.852236642857136,"ds",327.56
"2013-2014","vernon",-99.2906,34.1511,-0.375074316338159,-0.852236642857136,"gs",263.81
"2013-2014","wf",-98.514125,33.913161,-0.0333431408253389,-0.0757616428571453,"ds",271.61
"2013-2014","wf",-98.514125,33.913161,-0.0333431408253389,-0.0757616428571453,"gs",245.51
"2013-2014","woodward",-99.3978,36.4331,-0.422253661474805,-0.959436642857142,"ds",319.67
"2013-2014","woodward",-99.3978,36.4331,-0.422253661474805,-0.959436642857142,"gs",105
"2014-2015","buffalolake",-101.8453,35.1992,-1.49941268406746,-3.40693664285713,"ds",323.63
"2014-2015","buffalolake",-101.8453,35.1992,-1.49941268406746,-3.40693664285713,"gs",417.65
"2014-2015","elreno",-97.9575,35.5303,0.211630767632538,0.480863357142866,"ds",345.31
"2014-2015","elreno",-97.9575,35.5303,0.211630767632538,0.480863357142866,"gs",726.62
"2014-2015","Katy",-95.920129,29.920887,1.10828962565854,2.51823435714286,"ds",317.95
"2014-2015","Katy",-95.920129,29.920887,1.10828962565854,2.51823435714286,"gs",933.77
"2014-2015","llano",-99.7714,30.4897,-0.586677200122656,-1.33303664285714,"ds",242.36
"2014-2015","llano",-99.7714,30.4897,-0.586677200122656,-1.33303664285714,"gs",360.09
"2014-2015","llela",-96.9644,33.0692,0.648699868893731,1.47396335714286,"ds",177.05
"2014-2015","llela",-96.9644,33.0692,0.648699868893731,1.47396335714286,"gs",861.33
"2014-2015","lostP",-97.469,30.179,0.426622466319573,0.969363357142868,"ds",222.29
"2014-2015","lostP",-97.469,30.179,0.426622466319573,0.969363357142868,"gs",948.44
"2014-2015","lubbock",-101.8833,33.5667,-1.51613670566441,-3.44493664285714,"ds",317.03
"2014-2015","lubbock",-101.8833,33.5667,-1.51613670566441,-3.44493664285714,"gs",502.88
"2014-2015","ninnescah",-97.672833,37.538006,0.33691437436773,0.765530357142865,"ds",436.22
"2014-2015","ninnescah",-97.672833,37.538006,0.33691437436773,0.765530357142865,"gs",447.26
"2014-2015","ozona",-101.2,30.71,-1.21541239100146,-2.76163664285714,"ds",220.95
"2014-2015","ozona",-101.2,30.71,-1.21541239100146,-2.76163664285714,"gs",454.92
"2014-2015","psu",-94.6997,37.4103,1.64540754548846,3.73866335714285,"ds",373.22
"2014-2015","psu",-94.6997,37.4103,1.64540754548846,3.73866335714285,"gs",679.91
"2014-2015","shsu",-95.551,30.7233,1.27074545113376,2.88736335714286,"ds",348.9
"2014-2015","shsu",-95.551,30.7233,1.27074545113376,2.88736335714286,"gs",1158.75
"2014-2015","vernon",-99.2906,34.1511,-0.375074316338159,-0.852236642857136,"ds",254.52
"2014-2015","vernon",-99.2906,34.1511,-0.375074316338159,-0.852236642857136,"gs",606.57
"2014-2015","wf",-98.514125,33.913161,-0.0333431408253389,-0.0757616428571453,"ds",306.56
"2014-2015","wf",-98.514125,33.913161,-0.0333431408253389,-0.0757616428571453,"gs",788.49
"2014-2015","woodward",-99.3978,36.4331,-0.422253661474805,-0.959436642857142,"ds",330.54
"2014-2015","woodward",-99.3978,36.4331,-0.422253661474805,-0.959436642857142,"gs",439.09
"2015-2016","buffalolake",-101.8453,35.1992,-1.49941268406746,-3.40693664285713,"ds",528.21
"2015-2016","buffalolake",-101.8453,35.1992,-1.49941268406746,-3.40693664285713,"gs",336.03
"2015-2016","elreno",-97.9575,35.5303,0.211630767632538,0.480863357142866,"ds",401.99
"2015-2016","elreno",-97.9575,35.5303,0.211630767632538,0.480863357142866,"gs",599.5
"2015-2016","Katy",-95.920129,29.920887,1.10828962565854,2.51823435714286,"ds",479.48
"2015-2016","Katy",-95.920129,29.920887,1.10828962565854,2.51823435714286,"gs",1186.45
"2015-2016","llano",-99.7714,30.4897,-0.586677200122656,-1.33303664285714,"ds",210.49
"2015-2016","llano",-99.7714,30.4897,-0.586677200122656,-1.33303664285714,"gs",589.01
"2015-2016","llela",-96.9644,33.0692,0.648699868893731,1.47396335714286,"ds",255.33
"2015-2016","llela",-96.9644,33.0692,0.648699868893731,1.47396335714286,"gs",1117.28
"2015-2016","lostP",-97.469,30.179,0.426622466319573,0.969363357142868,"ds",290.78
"2015-2016","lostP",-97.469,30.179,0.426622466319573,0.969363357142868,"gs",1203.97
"2015-2016","lubbock",-101.8833,33.5667,-1.51613670566441,-3.44493664285714,"ds",213.86
"2015-2016","lubbock",-101.8833,33.5667,-1.51613670566441,-3.44493664285714,"gs",315.16
"2015-2016","ninnescah",-97.672833,37.538006,0.33691437436773,0.765530357142865,"ds",556.76
"2015-2016","ninnescah",-97.672833,37.538006,0.33691437436773,0.765530357142865,"gs",590.7
"2015-2016","ozona",-101.2,30.71,-1.21541239100146,-2.76163664285714,"ds",173.54
"2015-2016","ozona",-101.2,30.71,-1.21541239100146,-2.76163664285714,"gs",406.76
"2015-2016","psu",-94.6997,37.4103,1.64540754548846,3.73866335714285,"ds",747.36
"2015-2016","psu",-94.6997,37.4103,1.64540754548846,3.73866335714285,"gs",779.86
"2015-2016","shsu",-95.551,30.7233,1.27074545113376,2.88736335714286,"ds",425.48
"2015-2016","shsu",-95.551,30.7233,1.27074545113376,2.88736335714286,"gs",1259.08
"2015-2016","vernon",-99.2906,34.1511,-0.375074316338159,-0.852236642857136,"ds",321.12
"2015-2016","vernon",-99.2906,34.1511,-0.375074316338159,-0.852236642857136,"gs",685.11
"2015-2016","wf",-98.514125,33.913161,-0.0333431408253389,-0.0757616428571453,"ds",324.94
"2015-2016","wf",-98.514125,33.913161,-0.0333431408253389,-0.0757616428571453,"gs",803.32
"2015-2016","woodward",-99.3978,36.4331,-0.422253661474805,-0.959436642857142,"ds",472.56
"2015-2016","woodward",-99.3978,36.4331,-0.422253661474805,-0.959436642857142,"gs",394.69
"2016-2017","buffalolake",-101.8453,35.1992,-1.49941268406746,-3.40693664285713,"ds",244.84
"2016-2017","buffalolake",-101.8453,35.1992,-1.49941268406746,-3.40693664285713,"gs",264.48
"2016-2017","elreno",-97.9575,35.5303,0.211630767632538,0.480863357142866,"ds",322.3
"2016-2017","elreno",-97.9575,35.5303,0.211630767632538,0.480863357142866,"gs",480.54
"2016-2017","Katy",-95.920129,29.920887,1.10828962565854,2.51823435714286,"ds",444.97
"2016-2017","Katy",-95.920129,29.920887,1.10828962565854,2.51823435714286,"gs",642.16
"2016-2017","llano",-99.7714,30.4897,-0.586677200122656,-1.33303664285714,"ds",170.34
"2016-2017","llano",-99.7714,30.4897,-0.586677200122656,-1.33303664285714,"gs",242.31
"2016-2017","llela",-96.9644,33.0692,0.648699868893731,1.47396335714286,"ds",319.23
"2016-2017","llela",-96.9644,33.0692,0.648699868893731,1.47396335714286,"gs",438.29
"2016-2017","lostP",-97.469,30.179,0.426622466319573,0.969363357142868,"ds",421.96
"2016-2017","lostP",-97.469,30.179,0.426622466319573,0.969363357142868,"gs",540.29
"2016-2017","lubbock",-101.8833,33.5667,-1.51613670566441,-3.44493664285714,"ds",153.83
"2016-2017","lubbock",-101.8833,33.5667,-1.51613670566441,-3.44493664285714,"gs",201.49
"2016-2017","ninnescah",-97.672833,37.538006,0.33691437436773,0.765530357142865,"ds",691.48
"2016-2017","ninnescah",-97.672833,37.538006,0.33691437436773,0.765530357142865,"gs",520.08
"2016-2017","ozona",-101.2,30.71,-1.21541239100146,-2.76163664285714,"ds",321.75
"2016-2017","ozona",-101.2,30.71,-1.21541239100146,-2.76163664285714,"gs",298.51
"2016-2017","psu",-94.6997,37.4103,1.64540754548846,3.73866335714285,"ds",478.96
"2016-2017","psu",-94.6997,37.4103,1.64540754548846,3.73866335714285,"gs",810.75
"2016-2017","shsu",-95.551,30.7233,1.27074545113376,2.88736335714286,"ds",436.94
"2016-2017","shsu",-95.551,30.7233,1.27074545113376,2.88736335714286,"gs",763.56
"2016-2017","vernon",-99.2906,34.1511,-0.375074316338159,-0.852236642857136,"ds",348.15
"2016-2017","vernon",-99.2906,34.1511,-0.375074316338159,-0.852236642857136,"gs",447.57
"2016-2017","wf",-98.514125,33.913161,-0.0333431408253389,-0.0757616428571453,"ds",402.32
"2016-2017","wf",-98.514125,33.913161,-0.0333431408253389,-0.0757616428571453,"gs",412.99
"2016-2017","woodward",-99.3978,36.4331,-0.422253661474805,-0.959436642857142,"ds",353.23
"2016-2017","woodward",-99.3978,36.4331,-0.422253661474805,-0.959436642857142,"gs",387
"2017-2018","buffalolake",-101.8453,35.1992,-1.49941268406746,-3.40693664285713,"ds",407.19
"2017-2018","buffalolake",-101.8453,35.1992,-1.49941268406746,-3.40693664285713,"gs",157.19
"2017-2018","elreno",-97.9575,35.5303,0.211630767632538,0.480863357142866,"ds",456.03
"2017-2018","elreno",-97.9575,35.5303,0.211630767632538,0.480863357142866,"gs",412.89
"2017-2018","Katy",-95.920129,29.920887,1.10828962565854,2.51823435714286,"ds",938.94
"2017-2018","Katy",-95.920129,29.920887,1.10828962565854,2.51823435714286,"gs",555.45
"2017-2018","llano",-99.7714,30.4897,-0.586677200122656,-1.33303664285714,"ds",270.61
"2017-2018","llano",-99.7714,30.4897,-0.586677200122656,-1.33303664285714,"gs",186.57
"2017-2018","llela",-96.9644,33.0692,0.648699868893731,1.47396335714286,"ds",377.98
"2017-2018","llela",-96.9644,33.0692,0.648699868893731,1.47396335714286,"gs",517.85
"2017-2018","lostP",-97.469,30.179,0.426622466319573,0.969363357142868,"ds",481.23
"2017-2018","lostP",-97.469,30.179,0.426622466319573,0.969363357142868,"gs",471.12
"2017-2018","lubbock",-101.8833,33.5667,-1.51613670566441,-3.44493664285714,"ds",332.04
"2017-2018","lubbock",-101.8833,33.5667,-1.51613670566441,-3.44493664285714,"gs",84.72
"2017-2018","ninnescah",-97.672833,37.538006,0.33691437436773,0.765530357142865,"ds",289.68
"2017-2018","ninnescah",-97.672833,37.538006,0.33691437436773,0.765530357142865,"gs",337.35
"2017-2018","ozona",-101.2,30.71,-1.21541239100146,-2.76163664285714,"ds",261.13
"2017-2018","ozona",-101.2,30.71,-1.21541239100146,-2.76163664285714,"gs",175.21
"2017-2018","psu",-94.6997,37.4103,1.64540754548846,3.73866335714285,"ds",409.1
"2017-2018","psu",-94.6997,37.4103,1.64540754548846,3.73866335714285,"gs",479.51
"2017-2018","shsu",-95.551,30.7233,1.27074545113376,2.88736335714286,"ds",869.22
"2017-2018","shsu",-95.551,30.7233,1.27074545113376,2.88736335714286,"gs",757.12
"2017-2018","vernon",-99.2906,34.1511,-0.375074316338159,-0.852236642857136,"ds",414.08
"2017-2018","vernon",-99.2906,34.1511,-0.375074316338159,-0.852236642857136,"gs",213.9
"2017-2018","wf",-98.514125,33.913161,-0.0333431408253389,-0.0757616428571453,"ds",368.27
"2017-2018","wf",-98.514125,33.913161,-0.0333431408253389,-0.0757616428571453,"gs",356.07
"2017-2018","woodward",-99.3978,36.4331,-0.422253661474805,-0.959436642857142,"ds",330.58
"2017-2018","woodward",-99.3978,36.4331,-0.422253661474805,-0.959436642857142,"gs",208.44
"2018-2019","buffalolake",-101.8453,35.1992,-1.49941268406746,-3.40693664285713,"ds",188.89
"2018-2019","buffalolake",-101.8453,35.1992,-1.49941268406746,-3.40693664285713,"gs",332.31
"2018-2019","elreno",-97.9575,35.5303,0.211630767632538,0.480863357142866,"ds",497.85
"2018-2019","elreno",-97.9575,35.5303,0.211630767632538,0.480863357142866,"gs",776.68
"2018-2019","Katy",-95.920129,29.920887,1.10828962565854,2.51823435714286,"ds",437.82
"2018-2019","Katy",-95.920129,29.920887,1.10828962565854,2.51823435714286,"gs",861.16
"2018-2019","llano",-99.7714,30.4897,-0.586677200122656,-1.33303664285714,"ds",284.62
"2018-2019","llano",-99.7714,30.4897,-0.586677200122656,-1.33303664285714,"gs",327.87
"2018-2019","llela",-96.9644,33.0692,0.648699868893731,1.47396335714286,"ds",365.16
"2018-2019","llela",-96.9644,33.0692,0.648699868893731,1.47396335714286,"gs",929.73
"2018-2019","lostP",-97.469,30.179,0.426622466319573,0.969363357142868,"ds",241.01
"2018-2019","lostP",-97.469,30.179,0.426622466319573,0.969363357142868,"gs",906.95
"2018-2019","lubbock",-101.8833,33.5667,-1.51613670566441,-3.44493664285714,"ds",172.79
"2018-2019","lubbock",-101.8833,33.5667,-1.51613670566441,-3.44493664285714,"gs",347.28
"2018-2019","ninnescah",-97.672833,37.538006,0.33691437436773,0.765530357142865,"ds",381.05
"2018-2019","ninnescah",-97.672833,37.538006,0.33691437436773,0.765530357142865,"gs",771.05
"2018-2019","ozona",-101.2,30.71,-1.21541239100146,-2.76163664285714,"ds",347.15
"2018-2019","ozona",-101.2,30.71,-1.21541239100146,-2.76163664285714,"gs",483.03
"2018-2019","psu",-94.6997,37.4103,1.64540754548846,3.73866335714285,"ds",426.36
"2018-2019","psu",-94.6997,37.4103,1.64540754548846,3.73866335714285,"gs",902.95
"2018-2019","shsu",-95.551,30.7233,1.27074545113376,2.88736335714286,"ds",446.47
"2018-2019","shsu",-95.551,30.7233,1.27074545113376,2.88736335714286,"gs",1108.54
"2018-2019","vernon",-99.2906,34.1511,-0.375074316338159,-0.852236642857136,"ds",298.72
"2018-2019","vernon",-99.2906,34.1511,-0.375074316338159,-0.852236642857136,"gs",580.95
"2018-2019","wf",-98.514125,33.913161,-0.0333431408253389,-0.0757616428571453,"ds",318.14
"2018-2019","wf",-98.514125,33.913161,-0.0333431408253389,-0.0757616428571453,"gs",721.35
"2018-2019","woodward",-99.3978,36.4331,-0.422253661474805,-0.959436642857142,"ds",500.02
"2018-2019","woodward",-99.3978,36.4331,-0.422253661474805,-0.959436642857142,"gs",590.23
