"transition","site","Longitude","Latitude","long.scaled","long.center","season","tas"
"1978-1979","buffalolake",-101.8453,35.1992,-1.49941268406746,-3.40693664285713,"gs",10.95
"1978-1979","elreno",-97.9575,35.5303,0.211630767632538,0.480863357142866,"gs",11.075
"1978-1979","Katy",-95.920129,29.920887,1.10828962565854,2.51823435714286,"gs",17.6
"1978-1979","llano",-99.7714,30.4897,-0.586677200122656,-1.33303664285714,"gs",16.075
"1978-1979","llela",-96.9644,33.0692,0.648699868893731,1.47396335714286,"gs",14.475
"1978-1979","lostP",-97.469,30.179,0.426622466319573,0.969363357142868,"gs",17.025
"1978-1979","lubbock",-101.8833,33.5667,-1.51613670566441,-3.44493664285714,"gs",12.75
"1978-1979","ninnescah",-97.672833,37.538006,0.33691437436773,0.765530357142865,"gs",8.60000000000001
"1978-1979","ozona",-101.2,30.71,-1.21541239100146,-2.76163664285714,"gs",15.725
"1978-1979","psu",-94.6997,37.4103,1.64540754548846,3.73866335714285,"gs",9.75
"1978-1979","shsu",-95.551,30.7233,1.27074545113376,2.88736335714286,"gs",16.675
"1978-1979","vernon",-99.2906,34.1511,-0.375074316338159,-0.852236642857136,"gs",13.2
"1978-1979","wf",-98.514125,33.913161,-0.0333431408253389,-0.0757616428571453,"gs",13.475
"1978-1979","woodward",-99.3978,36.4331,-0.422253661474805,-0.959436642857142,"gs",10.15
"1979-1980","buffalolake",-101.8453,35.1992,-1.49941268406746,-3.40693664285713,"ds",23.2
"1979-1980","buffalolake",-101.8453,35.1992,-1.49941268406746,-3.40693664285713,"gs",8.8
"1979-1980","elreno",-97.9575,35.5303,0.211630767632538,0.480863357142866,"ds",25.725
"1979-1980","elreno",-97.9575,35.5303,0.211630767632538,0.480863357142866,"gs",10.2375
"1979-1980","Katy",-95.920129,29.920887,1.10828962565854,2.51823435714286,"ds",26.275
"1979-1980","Katy",-95.920129,29.920887,1.10828962565854,2.51823435714286,"gs",15.9125
"1979-1980","llano",-99.7714,30.4897,-0.586677200122656,-1.33303664285714,"ds",27
"1979-1980","llano",-99.7714,30.4897,-0.586677200122656,-1.33303664285714,"gs",15.425
"1979-1980","llela",-96.9644,33.0692,0.648699868893731,1.47396335714286,"ds",26.525
"1979-1980","llela",-96.9644,33.0692,0.648699868893731,1.47396335714286,"gs",13.6
"1979-1980","lostP",-97.469,30.179,0.426622466319573,0.969363357142868,"ds",26.975
"1979-1980","lostP",-97.469,30.179,0.426622466319573,0.969363357142868,"gs",16.1375
"1979-1980","lubbock",-101.8833,33.5667,-1.51613670566441,-3.44493664285714,"ds",24.325
"1979-1980","lubbock",-101.8833,33.5667,-1.51613670566441,-3.44493664285714,"gs",10.9
"1979-1980","ninnescah",-97.672833,37.538006,0.33691437436773,0.765530357142865,"ds",24.45
"1979-1980","ninnescah",-97.672833,37.538006,0.33691437436773,0.765530357142865,"gs",7.65
"1979-1980","ozona",-101.2,30.71,-1.21541239100146,-2.76163664285714,"ds",26.075
"1979-1980","ozona",-101.2,30.71,-1.21541239100146,-2.76163664285714,"gs",14.25
"1979-1980","psu",-94.6997,37.4103,1.64540754548846,3.73866335714285,"ds",24.225
"1979-1980","psu",-94.6997,37.4103,1.64540754548846,3.73866335714285,"gs",8.5875
"1979-1980","shsu",-95.551,30.7233,1.27074545113376,2.88736335714286,"ds",25.85
"1979-1980","shsu",-95.551,30.7233,1.27074545113376,2.88736335714286,"gs",15
"1979-1980","vernon",-99.2906,34.1511,-0.375074316338159,-0.852236642857136,"ds",27.275
"1979-1980","vernon",-99.2906,34.1511,-0.375074316338159,-0.852236642857136,"gs",12.175
"1979-1980","wf",-98.514125,33.913161,-0.0333431408253389,-0.0757616428571453,"ds",27.4
"1979-1980","wf",-98.514125,33.913161,-0.0333431408253389,-0.0757616428571453,"gs",12.7875
"1979-1980","woodward",-99.3978,36.4331,-0.422253661474805,-0.959436642857142,"ds",25.1
"1979-1980","woodward",-99.3978,36.4331,-0.422253661474805,-0.959436642857142,"gs",8.3875
"1980-1981","buffalolake",-101.8453,35.1992,-1.49941268406746,-3.40693664285713,"ds",25.7
"1980-1981","buffalolake",-101.8453,35.1992,-1.49941268406746,-3.40693664285713,"gs",9.9125
"1980-1981","elreno",-97.9575,35.5303,0.211630767632538,0.480863357142866,"ds",28.85
"1980-1981","elreno",-97.9575,35.5303,0.211630767632538,0.480863357142866,"gs",11.4875
"1980-1981","Katy",-95.920129,29.920887,1.10828962565854,2.51823435714286,"ds",28.725
"1980-1981","Katy",-95.920129,29.920887,1.10828962565854,2.51823435714286,"gs",16.175
"1980-1981","llano",-99.7714,30.4897,-0.586677200122656,-1.33303664285714,"ds",28.975
"1980-1981","llano",-99.7714,30.4897,-0.586677200122656,-1.33303664285714,"gs",15.0375
"1980-1981","llela",-96.9644,33.0692,0.648699868893731,1.47396335714286,"ds",29.75
"1980-1981","llela",-96.9644,33.0692,0.648699868893731,1.47396335714286,"gs",14.2125
"1980-1981","lostP",-97.469,30.179,0.426622466319573,0.969363357142868,"ds",29.6
"1980-1981","lostP",-97.469,30.179,0.426622466319573,0.969363357142868,"gs",16.275
"1980-1981","lubbock",-101.8833,33.5667,-1.51613670566441,-3.44493664285714,"ds",26.5
"1980-1981","lubbock",-101.8833,33.5667,-1.51613670566441,-3.44493664285714,"gs",11.0625
"1980-1981","ninnescah",-97.672833,37.538006,0.33691437436773,0.765530357142865,"ds",28.35
"1980-1981","ninnescah",-97.672833,37.538006,0.33691437436773,0.765530357142865,"gs",9.6375
"1980-1981","ozona",-101.2,30.71,-1.21541239100146,-2.76163664285714,"ds",27.85
"1980-1981","ozona",-101.2,30.71,-1.21541239100146,-2.76163664285714,"gs",13.7875
"1980-1981","psu",-94.6997,37.4103,1.64540754548846,3.73866335714285,"ds",27.475
"1980-1981","psu",-94.6997,37.4103,1.64540754548846,3.73866335714285,"gs",9.7
"1980-1981","shsu",-95.551,30.7233,1.27074545113376,2.88736335714286,"ds",28.675
"1980-1981","shsu",-95.551,30.7233,1.27074545113376,2.88736335714286,"gs",15.325
"1980-1981","vernon",-99.2906,34.1511,-0.375074316338159,-0.852236642857136,"ds",30.025
"1980-1981","vernon",-99.2906,34.1511,-0.375074316338159,-0.852236642857136,"gs",13.05
"1980-1981","wf",-98.514125,33.913161,-0.0333431408253389,-0.0757616428571453,"ds",30.5
"1980-1981","wf",-98.514125,33.913161,-0.0333431408253389,-0.0757616428571453,"gs",13.2375
"1980-1981","woodward",-99.3978,36.4331,-0.422253661474805,-0.959436642857142,"ds",27.475
"1980-1981","woodward",-99.3978,36.4331,-0.422253661474805,-0.959436642857142,"gs",10.375
"1981-1982","buffalolake",-101.8453,35.1992,-1.49941268406746,-3.40693664285713,"ds",23.75
"1981-1982","buffalolake",-101.8453,35.1992,-1.49941268406746,-3.40693664285713,"gs",9.44999999999999
"1981-1982","elreno",-97.9575,35.5303,0.211630767632538,0.480863357142866,"ds",26.725
"1981-1982","elreno",-97.9575,35.5303,0.211630767632538,0.480863357142866,"gs",9.9125
"1981-1982","Katy",-95.920129,29.920887,1.10828962565854,2.51823435714286,"ds",26.925
"1981-1982","Katy",-95.920129,29.920887,1.10828962565854,2.51823435714286,"gs",16.8125
"1981-1982","llano",-99.7714,30.4897,-0.586677200122656,-1.33303664285714,"ds",26.6
"1981-1982","llano",-99.7714,30.4897,-0.586677200122656,-1.33303664285714,"gs",15.075
"1981-1982","llela",-96.9644,33.0692,0.648699868893731,1.47396335714286,"ds",27.6
"1981-1982","llela",-96.9644,33.0692,0.648699868893731,1.47396335714286,"gs",13.75
"1981-1982","lostP",-97.469,30.179,0.426622466319573,0.969363357142868,"ds",27.45
"1981-1982","lostP",-97.469,30.179,0.426622466319573,0.969363357142868,"gs",16.325
"1981-1982","lubbock",-101.8833,33.5667,-1.51613670566441,-3.44493664285714,"ds",24.525
"1981-1982","lubbock",-101.8833,33.5667,-1.51613670566441,-3.44493664285714,"gs",11.45
"1981-1982","ninnescah",-97.672833,37.538006,0.33691437436773,0.765530357142865,"ds",25.175
"1981-1982","ninnescah",-97.672833,37.538006,0.33691437436773,0.765530357142865,"gs",7.425
"1981-1982","ozona",-101.2,30.71,-1.21541239100146,-2.76163664285714,"ds",25.55
"1981-1982","ozona",-101.2,30.71,-1.21541239100146,-2.76163664285714,"gs",14.35
"1981-1982","psu",-94.6997,37.4103,1.64540754548846,3.73866335714285,"ds",24.825
"1981-1982","psu",-94.6997,37.4103,1.64540754548846,3.73866335714285,"gs",8.625
"1981-1982","shsu",-95.551,30.7233,1.27074545113376,2.88736335714286,"ds",26.6
"1981-1982","shsu",-95.551,30.7233,1.27074545113376,2.88736335714286,"gs",15.7375
"1981-1982","vernon",-99.2906,34.1511,-0.375074316338159,-0.852236642857136,"ds",28.15
"1981-1982","vernon",-99.2906,34.1511,-0.375074316338159,-0.852236642857136,"gs",12.325
"1981-1982","wf",-98.514125,33.913161,-0.0333431408253389,-0.0757616428571453,"ds",28.225
"1981-1982","wf",-98.514125,33.913161,-0.0333431408253389,-0.0757616428571453,"gs",12.6
"1981-1982","woodward",-99.3978,36.4331,-0.422253661474805,-0.959436642857142,"ds",25.525
"1981-1982","woodward",-99.3978,36.4331,-0.422253661474805,-0.959436642857142,"gs",8.4125
"1982-1983","buffalolake",-101.8453,35.1992,-1.49941268406746,-3.40693664285713,"ds",23.625
"1982-1983","buffalolake",-101.8453,35.1992,-1.49941268406746,-3.40693664285713,"gs",7.775
"1982-1983","elreno",-97.9575,35.5303,0.211630767632538,0.480863357142866,"ds",26.1
"1982-1983","elreno",-97.9575,35.5303,0.211630767632538,0.480863357142866,"gs",9.96249999999999
"1982-1983","Katy",-95.920129,29.920887,1.10828962565854,2.51823435714286,"ds",28
"1982-1983","Katy",-95.920129,29.920887,1.10828962565854,2.51823435714286,"gs",15.85
"1982-1983","llano",-99.7714,30.4897,-0.586677200122656,-1.33303664285714,"ds",27.65
"1982-1983","llano",-99.7714,30.4897,-0.586677200122656,-1.33303664285714,"gs",14.6375
"1982-1983","llela",-96.9644,33.0692,0.648699868893731,1.47396335714286,"ds",27.875
"1982-1983","llela",-96.9644,33.0692,0.648699868893731,1.47396335714286,"gs",13.375
"1982-1983","lostP",-97.469,30.179,0.426622466319573,0.969363357142868,"ds",29.05
"1982-1983","lostP",-97.469,30.179,0.426622466319573,0.969363357142868,"gs",15.4875
"1982-1983","lubbock",-101.8833,33.5667,-1.51613670566441,-3.44493664285714,"ds",24.875
"1982-1983","lubbock",-101.8833,33.5667,-1.51613670566441,-3.44493664285714,"gs",9.9375
"1982-1983","ninnescah",-97.672833,37.538006,0.33691437436773,0.765530357142865,"ds",25.025
"1982-1983","ninnescah",-97.672833,37.538006,0.33691437436773,0.765530357142865,"gs",7.7875
"1982-1983","ozona",-101.2,30.71,-1.21541239100146,-2.76163664285714,"ds",27.075
"1982-1983","ozona",-101.2,30.71,-1.21541239100146,-2.76163664285714,"gs",13.825
"1982-1983","psu",-94.6997,37.4103,1.64540754548846,3.73866335714285,"ds",24.3
"1982-1983","psu",-94.6997,37.4103,1.64540754548846,3.73866335714285,"gs",9.02500000000001
"1982-1983","shsu",-95.551,30.7233,1.27074545113376,2.88736335714286,"ds",27.25
"1982-1983","shsu",-95.551,30.7233,1.27074545113376,2.88736335714286,"gs",14.9625
"1982-1983","vernon",-99.2906,34.1511,-0.375074316338159,-0.852236642857136,"ds",27.125
"1982-1983","vernon",-99.2906,34.1511,-0.375074316338159,-0.852236642857136,"gs",11.9875
"1982-1983","wf",-98.514125,33.913161,-0.0333431408253389,-0.0757616428571453,"ds",27.525
"1982-1983","wf",-98.514125,33.913161,-0.0333431408253389,-0.0757616428571453,"gs",12.35
"1982-1983","woodward",-99.3978,36.4331,-0.422253661474805,-0.959436642857142,"ds",24.85
"1982-1983","woodward",-99.3978,36.4331,-0.422253661474805,-0.959436642857142,"gs",8.5
"1983-1984","buffalolake",-101.8453,35.1992,-1.49941268406746,-3.40693664285713,"ds",24.475
"1983-1984","buffalolake",-101.8453,35.1992,-1.49941268406746,-3.40693664285713,"gs",8.43750000000001
"1983-1984","elreno",-97.9575,35.5303,0.211630767632538,0.480863357142866,"ds",26.675
"1983-1984","elreno",-97.9575,35.5303,0.211630767632538,0.480863357142866,"gs",9.1125
"1983-1984","Katy",-95.920129,29.920887,1.10828962565854,2.51823435714286,"ds",26.15
"1983-1984","Katy",-95.920129,29.920887,1.10828962565854,2.51823435714286,"gs",16.1125
"1983-1984","llano",-99.7714,30.4897,-0.586677200122656,-1.33303664285714,"ds",27.025
"1983-1984","llano",-99.7714,30.4897,-0.586677200122656,-1.33303664285714,"gs",15.1125
"1983-1984","llela",-96.9644,33.0692,0.648699868893731,1.47396335714286,"ds",26.875
"1983-1984","llela",-96.9644,33.0692,0.648699868893731,1.47396335714286,"gs",13.05
"1983-1984","lostP",-97.469,30.179,0.426622466319573,0.969363357142868,"ds",27.2
"1983-1984","lostP",-97.469,30.179,0.426622466319573,0.969363357142868,"gs",16.225
"1983-1984","lubbock",-101.8833,33.5667,-1.51613670566441,-3.44493664285714,"ds",25.35
"1983-1984","lubbock",-101.8833,33.5667,-1.51613670566441,-3.44493664285714,"gs",10.4125
"1983-1984","ninnescah",-97.672833,37.538006,0.33691437436773,0.765530357142865,"ds",25.675
"1983-1984","ninnescah",-97.672833,37.538006,0.33691437436773,0.765530357142865,"gs",6.9625
"1983-1984","ozona",-101.2,30.71,-1.21541239100146,-2.76163664285714,"ds",26.275
"1983-1984","ozona",-101.2,30.71,-1.21541239100146,-2.76163664285714,"gs",13.8375
"1983-1984","psu",-94.6997,37.4103,1.64540754548846,3.73866335714285,"ds",25.6
"1983-1984","psu",-94.6997,37.4103,1.64540754548846,3.73866335714285,"gs",7.67500000000001
"1983-1984","shsu",-95.551,30.7233,1.27074545113376,2.88736335714286,"ds",25.975
"1983-1984","shsu",-95.551,30.7233,1.27074545113376,2.88736335714286,"gs",15.1125
"1983-1984","vernon",-99.2906,34.1511,-0.375074316338159,-0.852236642857136,"ds",28.075
"1983-1984","vernon",-99.2906,34.1511,-0.375074316338159,-0.852236642857136,"gs",11.5375
"1983-1984","wf",-98.514125,33.913161,-0.0333431408253389,-0.0757616428571453,"ds",27.725
"1983-1984","wf",-98.514125,33.913161,-0.0333431408253389,-0.0757616428571453,"gs",12.0625
"1983-1984","woodward",-99.3978,36.4331,-0.422253661474805,-0.959436642857142,"ds",26.425
"1983-1984","woodward",-99.3978,36.4331,-0.422253661474805,-0.959436642857142,"gs",7.9
"1984-1985","buffalolake",-101.8453,35.1992,-1.49941268406746,-3.40693664285713,"ds",22.875
"1984-1985","buffalolake",-101.8453,35.1992,-1.49941268406746,-3.40693664285713,"gs",9.1625
"1984-1985","elreno",-97.9575,35.5303,0.211630767632538,0.480863357142866,"ds",26.3
"1984-1985","elreno",-97.9575,35.5303,0.211630767632538,0.480863357142866,"gs",10.7
"1984-1985","Katy",-95.920129,29.920887,1.10828962565854,2.51823435714286,"ds",26.825
"1984-1985","Katy",-95.920129,29.920887,1.10828962565854,2.51823435714286,"gs",17.0625
"1984-1985","llano",-99.7714,30.4897,-0.586677200122656,-1.33303664285714,"ds",27.175
"1984-1985","llano",-99.7714,30.4897,-0.586677200122656,-1.33303664285714,"gs",15.2125
"1984-1985","llela",-96.9644,33.0692,0.648699868893731,1.47396335714286,"ds",27.825
"1984-1985","llela",-96.9644,33.0692,0.648699868893731,1.47396335714286,"gs",14.225
"1984-1985","lostP",-97.469,30.179,0.426622466319573,0.969363357142868,"ds",28.1
"1984-1985","lostP",-97.469,30.179,0.426622466319573,0.969363357142868,"gs",16.425
"1984-1985","lubbock",-101.8833,33.5667,-1.51613670566441,-3.44493664285714,"ds",23.9
"1984-1985","lubbock",-101.8833,33.5667,-1.51613670566441,-3.44493664285714,"gs",11.075
"1984-1985","ninnescah",-97.672833,37.538006,0.33691437436773,0.765530357142865,"ds",25.35
"1984-1985","ninnescah",-97.672833,37.538006,0.33691437436773,0.765530357142865,"gs",8.66249999999999
"1984-1985","ozona",-101.2,30.71,-1.21541239100146,-2.76163664285714,"ds",26.225
"1984-1985","ozona",-101.2,30.71,-1.21541239100146,-2.76163664285714,"gs",13.925
"1984-1985","psu",-94.6997,37.4103,1.64540754548846,3.73866335714285,"ds",24.525
"1984-1985","psu",-94.6997,37.4103,1.64540754548846,3.73866335714285,"gs",9.275
"1984-1985","shsu",-95.551,30.7233,1.27074545113376,2.88736335714286,"ds",26.625
"1984-1985","shsu",-95.551,30.7233,1.27074545113376,2.88736335714286,"gs",16.1625
"1984-1985","vernon",-99.2906,34.1511,-0.375074316338159,-0.852236642857136,"ds",27.775
"1984-1985","vernon",-99.2906,34.1511,-0.375074316338159,-0.852236642857136,"gs",12.7125
"1984-1985","wf",-98.514125,33.913161,-0.0333431408253389,-0.0757616428571453,"ds",28.25
"1984-1985","wf",-98.514125,33.913161,-0.0333431408253389,-0.0757616428571453,"gs",13
"1984-1985","woodward",-99.3978,36.4331,-0.422253661474805,-0.959436642857142,"ds",26
"1984-1985","woodward",-99.3978,36.4331,-0.422253661474805,-0.959436642857142,"gs",9.575
"1985-1986","buffalolake",-101.8453,35.1992,-1.49941268406746,-3.40693664285713,"ds",23.925
"1985-1986","buffalolake",-101.8453,35.1992,-1.49941268406746,-3.40693664285713,"gs",10.125
"1985-1986","elreno",-97.9575,35.5303,0.211630767632538,0.480863357142866,"ds",26.05
"1985-1986","elreno",-97.9575,35.5303,0.211630767632538,0.480863357142866,"gs",11.0625
"1985-1986","Katy",-95.920129,29.920887,1.10828962565854,2.51823435714286,"ds",27.65
"1985-1986","Katy",-95.920129,29.920887,1.10828962565854,2.51823435714286,"gs",17.7625
"1985-1986","llano",-99.7714,30.4897,-0.586677200122656,-1.33303664285714,"ds",27.475
"1985-1986","llano",-99.7714,30.4897,-0.586677200122656,-1.33303664285714,"gs",16.225
"1985-1986","llela",-96.9644,33.0692,0.648699868893731,1.47396335714286,"ds",28.225
"1985-1986","llela",-96.9644,33.0692,0.648699868893731,1.47396335714286,"gs",14.65
"1985-1986","lostP",-97.469,30.179,0.426622466319573,0.969363357142868,"ds",28.25
"1985-1986","lostP",-97.469,30.179,0.426622466319573,0.969363357142868,"gs",17.0375
"1985-1986","lubbock",-101.8833,33.5667,-1.51613670566441,-3.44493664285714,"ds",24.7
"1985-1986","lubbock",-101.8833,33.5667,-1.51613670566441,-3.44493664285714,"gs",12.0125
"1985-1986","ninnescah",-97.672833,37.538006,0.33691437436773,0.765530357142865,"ds",24.5
"1985-1986","ninnescah",-97.672833,37.538006,0.33691437436773,0.765530357142865,"gs",8.9625
"1985-1986","ozona",-101.2,30.71,-1.21541239100146,-2.76163664285714,"ds",26.225
"1985-1986","ozona",-101.2,30.71,-1.21541239100146,-2.76163664285714,"gs",15.4375
"1985-1986","psu",-94.6997,37.4103,1.64540754548846,3.73866335714285,"ds",24.225
"1985-1986","psu",-94.6997,37.4103,1.64540754548846,3.73866335714285,"gs",9.7875
"1985-1986","shsu",-95.551,30.7233,1.27074545113376,2.88736335714286,"ds",27.325
"1985-1986","shsu",-95.551,30.7233,1.27074545113376,2.88736335714286,"gs",16.875
"1985-1986","vernon",-99.2906,34.1511,-0.375074316338159,-0.852236642857136,"ds",27.75
"1985-1986","vernon",-99.2906,34.1511,-0.375074316338159,-0.852236642857136,"gs",13.15
"1985-1986","wf",-98.514125,33.913161,-0.0333431408253389,-0.0757616428571453,"ds",27.9
"1985-1986","wf",-98.514125,33.913161,-0.0333431408253389,-0.0757616428571453,"gs",13.6625
"1985-1986","woodward",-99.3978,36.4331,-0.422253661474805,-0.959436642857142,"ds",25.275
"1985-1986","woodward",-99.3978,36.4331,-0.422253661474805,-0.959436642857142,"gs",9.95
"1986-1987","buffalolake",-101.8453,35.1992,-1.49941268406746,-3.40693664285713,"ds",23.375
"1986-1987","buffalolake",-101.8453,35.1992,-1.49941268406746,-3.40693664285713,"gs",8.7625
"1986-1987","elreno",-97.9575,35.5303,0.211630767632538,0.480863357142866,"ds",26.375
"1986-1987","elreno",-97.9575,35.5303,0.211630767632538,0.480863357142866,"gs",10.3
"1986-1987","Katy",-95.920129,29.920887,1.10828962565854,2.51823435714286,"ds",28.125
"1986-1987","Katy",-95.920129,29.920887,1.10828962565854,2.51823435714286,"gs",16.15
"1986-1987","llano",-99.7714,30.4897,-0.586677200122656,-1.33303664285714,"ds",27.5
"1986-1987","llano",-99.7714,30.4897,-0.586677200122656,-1.33303664285714,"gs",14.1625
"1986-1987","llela",-96.9644,33.0692,0.648699868893731,1.47396335714286,"ds",27.85
"1986-1987","llela",-96.9644,33.0692,0.648699868893731,1.47396335714286,"gs",13.8
"1986-1987","lostP",-97.469,30.179,0.426622466319573,0.969363357142868,"ds",28.275
"1986-1987","lostP",-97.469,30.179,0.426622466319573,0.969363357142868,"gs",15.8625
"1986-1987","lubbock",-101.8833,33.5667,-1.51613670566441,-3.44493664285714,"ds",23.95
"1986-1987","lubbock",-101.8833,33.5667,-1.51613670566441,-3.44493664285714,"gs",10.35
"1986-1987","ninnescah",-97.672833,37.538006,0.33691437436773,0.765530357142865,"ds",25.375
"1986-1987","ninnescah",-97.672833,37.538006,0.33691437436773,0.765530357142865,"gs",8.6625
"1986-1987","ozona",-101.2,30.71,-1.21541239100146,-2.76163664285714,"ds",25.85
"1986-1987","ozona",-101.2,30.71,-1.21541239100146,-2.76163664285714,"gs",12.8375
"1986-1987","psu",-94.6997,37.4103,1.64540754548846,3.73866335714285,"ds",25.35
"1986-1987","psu",-94.6997,37.4103,1.64540754548846,3.73866335714285,"gs",9.7625
"1986-1987","shsu",-95.551,30.7233,1.27074545113376,2.88736335714286,"ds",27.725
"1986-1987","shsu",-95.551,30.7233,1.27074545113376,2.88736335714286,"gs",15.325
"1986-1987","vernon",-99.2906,34.1511,-0.375074316338159,-0.852236642857136,"ds",27.575
"1986-1987","vernon",-99.2906,34.1511,-0.375074316338159,-0.852236642857136,"gs",11.975
"1986-1987","wf",-98.514125,33.913161,-0.0333431408253389,-0.0757616428571453,"ds",27.7
"1986-1987","wf",-98.514125,33.913161,-0.0333431408253389,-0.0757616428571453,"gs",12.5625
"1986-1987","woodward",-99.3978,36.4331,-0.422253661474805,-0.959436642857142,"ds",25.55
"1986-1987","woodward",-99.3978,36.4331,-0.422253661474805,-0.959436642857142,"gs",9.3875
"1987-1988","buffalolake",-101.8453,35.1992,-1.49941268406746,-3.40693664285713,"ds",23.175
"1987-1988","buffalolake",-101.8453,35.1992,-1.49941268406746,-3.40693664285713,"gs",8.68749999999999
"1987-1988","elreno",-97.9575,35.5303,0.211630767632538,0.480863357142866,"ds",25.3
"1987-1988","elreno",-97.9575,35.5303,0.211630767632538,0.480863357142866,"gs",9.6875
"1987-1988","Katy",-95.920129,29.920887,1.10828962565854,2.51823435714286,"ds",27.775
"1987-1988","Katy",-95.920129,29.920887,1.10828962565854,2.51823435714286,"gs",16.175
"1987-1988","llano",-99.7714,30.4897,-0.586677200122656,-1.33303664285714,"ds",25.725
"1987-1988","llano",-99.7714,30.4897,-0.586677200122656,-1.33303664285714,"gs",15.025
"1987-1988","llela",-96.9644,33.0692,0.648699868893731,1.47396335714286,"ds",27.7
"1987-1988","llela",-96.9644,33.0692,0.648699868893731,1.47396335714286,"gs",13.725
"1987-1988","lostP",-97.469,30.179,0.426622466319573,0.969363357142868,"ds",27.675
"1987-1988","lostP",-97.469,30.179,0.426622466319573,0.969363357142868,"gs",16.025
"1987-1988","lubbock",-101.8833,33.5667,-1.51613670566441,-3.44493664285714,"ds",23.725
"1987-1988","lubbock",-101.8833,33.5667,-1.51613670566441,-3.44493664285714,"gs",10.4
"1987-1988","ninnescah",-97.672833,37.538006,0.33691437436773,0.765530357142865,"ds",24.7
"1987-1988","ninnescah",-97.672833,37.538006,0.33691437436773,0.765530357142865,"gs",7.98749999999999
"1987-1988","ozona",-101.2,30.71,-1.21541239100146,-2.76163664285714,"ds",24.9
"1987-1988","ozona",-101.2,30.71,-1.21541239100146,-2.76163664285714,"gs",13.7875
"1987-1988","psu",-94.6997,37.4103,1.64540754548846,3.73866335714285,"ds",24.6
"1987-1988","psu",-94.6997,37.4103,1.64540754548846,3.73866335714285,"gs",8.825
"1987-1988","shsu",-95.551,30.7233,1.27074545113376,2.88736335714286,"ds",26.825
"1987-1988","shsu",-95.551,30.7233,1.27074545113376,2.88736335714286,"gs",15.1625
"1987-1988","vernon",-99.2906,34.1511,-0.375074316338159,-0.852236642857136,"ds",26.825
"1987-1988","vernon",-99.2906,34.1511,-0.375074316338159,-0.852236642857136,"gs",12.125
"1987-1988","wf",-98.514125,33.913161,-0.0333431408253389,-0.0757616428571453,"ds",26.925
"1987-1988","wf",-98.514125,33.913161,-0.0333431408253389,-0.0757616428571453,"gs",12.6375
"1987-1988","woodward",-99.3978,36.4331,-0.422253661474805,-0.959436642857142,"ds",24.875
"1987-1988","woodward",-99.3978,36.4331,-0.422253661474805,-0.959436642857142,"gs",8.525
"1988-1989","buffalolake",-101.8453,35.1992,-1.49941268406746,-3.40693664285713,"ds",23.1
"1988-1989","buffalolake",-101.8453,35.1992,-1.49941268406746,-3.40693664285713,"gs",10.0125
"1988-1989","elreno",-97.9575,35.5303,0.211630767632538,0.480863357142866,"ds",26.325
"1988-1989","elreno",-97.9575,35.5303,0.211630767632538,0.480863357142866,"gs",10.6875
"1988-1989","Katy",-95.920129,29.920887,1.10828962565854,2.51823435714286,"ds",27.975
"1988-1989","Katy",-95.920129,29.920887,1.10828962565854,2.51823435714286,"gs",17.6625
"1988-1989","llano",-99.7714,30.4897,-0.586677200122656,-1.33303664285714,"ds",26.675
"1988-1989","llano",-99.7714,30.4897,-0.586677200122656,-1.33303664285714,"gs",16.125
"1988-1989","llela",-96.9644,33.0692,0.648699868893731,1.47396335714286,"ds",28.2
"1988-1989","llela",-96.9644,33.0692,0.648699868893731,1.47396335714286,"gs",14.4375
"1988-1989","lostP",-97.469,30.179,0.426622466319573,0.969363357142868,"ds",28.4
"1988-1989","lostP",-97.469,30.179,0.426622466319573,0.969363357142868,"gs",17.275
"1988-1989","lubbock",-101.8833,33.5667,-1.51613670566441,-3.44493664285714,"ds",23.975
"1988-1989","lubbock",-101.8833,33.5667,-1.51613670566441,-3.44493664285714,"gs",11.8375
"1988-1989","ninnescah",-97.672833,37.538006,0.33691437436773,0.765530357142865,"ds",25.825
"1988-1989","ninnescah",-97.672833,37.538006,0.33691437436773,0.765530357142865,"gs",9.1
"1988-1989","ozona",-101.2,30.71,-1.21541239100146,-2.76163664285714,"ds",25.6
"1988-1989","ozona",-101.2,30.71,-1.21541239100146,-2.76163664285714,"gs",15
"1988-1989","psu",-94.6997,37.4103,1.64540754548846,3.73866335714285,"ds",25.125
"1988-1989","psu",-94.6997,37.4103,1.64540754548846,3.73866335714285,"gs",8.975
"1988-1989","shsu",-95.551,30.7233,1.27074545113376,2.88736335714286,"ds",27.375
"1988-1989","shsu",-95.551,30.7233,1.27074545113376,2.88736335714286,"gs",16.5375
"1988-1989","vernon",-99.2906,34.1511,-0.375074316338159,-0.852236642857136,"ds",27.65
"1988-1989","vernon",-99.2906,34.1511,-0.375074316338159,-0.852236642857136,"gs",13.125
"1988-1989","wf",-98.514125,33.913161,-0.0333431408253389,-0.0757616428571453,"ds",27.825
"1988-1989","wf",-98.514125,33.913161,-0.0333431408253389,-0.0757616428571453,"gs",13.4125
"1988-1989","woodward",-99.3978,36.4331,-0.422253661474805,-0.959436642857142,"ds",25.7
"1988-1989","woodward",-99.3978,36.4331,-0.422253661474805,-0.959436642857142,"gs",9.475
"1989-1990","buffalolake",-101.8453,35.1992,-1.49941268406746,-3.40693664285713,"ds",21.95
"1989-1990","buffalolake",-101.8453,35.1992,-1.49941268406746,-3.40693664285713,"gs",9.41250000000001
"1989-1990","elreno",-97.9575,35.5303,0.211630767632538,0.480863357142866,"ds",24.1
"1989-1990","elreno",-97.9575,35.5303,0.211630767632538,0.480863357142866,"gs",11
"1989-1990","Katy",-95.920129,29.920887,1.10828962565854,2.51823435714286,"ds",26.7
"1989-1990","Katy",-95.920129,29.920887,1.10828962565854,2.51823435714286,"gs",17.1875
"1989-1990","llano",-99.7714,30.4897,-0.586677200122656,-1.33303664285714,"ds",27.375
"1989-1990","llano",-99.7714,30.4897,-0.586677200122656,-1.33303664285714,"gs",15.3375
"1989-1990","llela",-96.9644,33.0692,0.648699868893731,1.47396335714286,"ds",26.075
"1989-1990","llela",-96.9644,33.0692,0.648699868893731,1.47396335714286,"gs",14.5625
"1989-1990","lostP",-97.469,30.179,0.426622466319573,0.969363357142868,"ds",28.1
"1989-1990","lostP",-97.469,30.179,0.426622466319573,0.969363357142868,"gs",16.9875
"1989-1990","lubbock",-101.8833,33.5667,-1.51613670566441,-3.44493664285714,"ds",23.3
"1989-1990","lubbock",-101.8833,33.5667,-1.51613670566441,-3.44493664285714,"gs",11.35
"1989-1990","ninnescah",-97.672833,37.538006,0.33691437436773,0.765530357142865,"ds",23.275
"1989-1990","ninnescah",-97.672833,37.538006,0.33691437436773,0.765530357142865,"gs",8.675
"1989-1990","ozona",-101.2,30.71,-1.21541239100146,-2.76163664285714,"ds",26.1
"1989-1990","ozona",-101.2,30.71,-1.21541239100146,-2.76163664285714,"gs",14.3625
"1989-1990","psu",-94.6997,37.4103,1.64540754548846,3.73866335714285,"ds",23.025
"1989-1990","psu",-94.6997,37.4103,1.64540754548846,3.73866335714285,"gs",9.3375
"1989-1990","shsu",-95.551,30.7233,1.27074545113376,2.88736335714286,"ds",26.1
"1989-1990","shsu",-95.551,30.7233,1.27074545113376,2.88736335714286,"gs",16.3375
"1989-1990","vernon",-99.2906,34.1511,-0.375074316338159,-0.852236642857136,"ds",25.8
"1989-1990","vernon",-99.2906,34.1511,-0.375074316338159,-0.852236642857136,"gs",12.7875
"1989-1990","wf",-98.514125,33.913161,-0.0333431408253389,-0.0757616428571453,"ds",25.825
"1989-1990","wf",-98.514125,33.913161,-0.0333431408253389,-0.0757616428571453,"gs",13.15
"1989-1990","woodward",-99.3978,36.4331,-0.422253661474805,-0.959436642857142,"ds",22.7
"1989-1990","woodward",-99.3978,36.4331,-0.422253661474805,-0.959436642857142,"gs",9.3
"1990-1991","buffalolake",-101.8453,35.1992,-1.49941268406746,-3.40693664285713,"ds",24.65
"1990-1991","buffalolake",-101.8453,35.1992,-1.49941268406746,-3.40693664285713,"gs",10.05
"1990-1991","elreno",-97.9575,35.5303,0.211630767632538,0.480863357142866,"ds",27.025
"1990-1991","elreno",-97.9575,35.5303,0.211630767632538,0.480863357142866,"gs",11.6375
"1990-1991","Katy",-95.920129,29.920887,1.10828962565854,2.51823435714286,"ds",27.925
"1990-1991","Katy",-95.920129,29.920887,1.10828962565854,2.51823435714286,"gs",17.1625
"1990-1991","llano",-99.7714,30.4897,-0.586677200122656,-1.33303664285714,"ds",26.875
"1990-1991","llano",-99.7714,30.4897,-0.586677200122656,-1.33303664285714,"gs",15.7875
"1990-1991","llela",-96.9644,33.0692,0.648699868893731,1.47396335714286,"ds",28.1
"1990-1991","llela",-96.9644,33.0692,0.648699868893731,1.47396335714286,"gs",14.7
"1990-1991","lostP",-97.469,30.179,0.426622466319573,0.969363357142868,"ds",28.925
"1990-1991","lostP",-97.469,30.179,0.426622466319573,0.969363357142868,"gs",16.9125
"1990-1991","lubbock",-101.8833,33.5667,-1.51613670566441,-3.44493664285714,"ds",25.25
"1990-1991","lubbock",-101.8833,33.5667,-1.51613670566441,-3.44493664285714,"gs",12.025
"1990-1991","ninnescah",-97.672833,37.538006,0.33691437436773,0.765530357142865,"ds",26.6
"1990-1991","ninnescah",-97.672833,37.538006,0.33691437436773,0.765530357142865,"gs",9.7875
"1990-1991","ozona",-101.2,30.71,-1.21541239100146,-2.76163664285714,"ds",26.1
"1990-1991","ozona",-101.2,30.71,-1.21541239100146,-2.76163664285714,"gs",14.95
"1990-1991","psu",-94.6997,37.4103,1.64540754548846,3.73866335714285,"ds",25.25
"1990-1991","psu",-94.6997,37.4103,1.64540754548846,3.73866335714285,"gs",10.2625
"1990-1991","shsu",-95.551,30.7233,1.27074545113376,2.88736335714286,"ds",27.875
"1990-1991","shsu",-95.551,30.7233,1.27074545113376,2.88736335714286,"gs",16.15
"1990-1991","vernon",-99.2906,34.1511,-0.375074316338159,-0.852236642857136,"ds",27.8
"1990-1991","vernon",-99.2906,34.1511,-0.375074316338159,-0.852236642857136,"gs",13.55
"1990-1991","wf",-98.514125,33.913161,-0.0333431408253389,-0.0757616428571453,"ds",28.15
"1990-1991","wf",-98.514125,33.913161,-0.0333431408253389,-0.0757616428571453,"gs",14.1375
"1990-1991","woodward",-99.3978,36.4331,-0.422253661474805,-0.959436642857142,"ds",26.325
"1990-1991","woodward",-99.3978,36.4331,-0.422253661474805,-0.959436642857142,"gs",10.4625
"1991-1992","buffalolake",-101.8453,35.1992,-1.49941268406746,-3.40693664285713,"ds",22.975
"1991-1992","buffalolake",-101.8453,35.1992,-1.49941268406746,-3.40693664285713,"gs",9.9
"1991-1992","elreno",-97.9575,35.5303,0.211630767632538,0.480863357142866,"ds",25.8
"1991-1992","elreno",-97.9575,35.5303,0.211630767632538,0.480863357142866,"gs",11.55
"1991-1992","Katy",-95.920129,29.920887,1.10828962565854,2.51823435714286,"ds",26.875
"1991-1992","Katy",-95.920129,29.920887,1.10828962565854,2.51823435714286,"gs",16.8375
"1991-1992","llano",-99.7714,30.4897,-0.586677200122656,-1.33303664285714,"ds",26.325
"1991-1992","llano",-99.7714,30.4897,-0.586677200122656,-1.33303664285714,"gs",15.1125
"1991-1992","llela",-96.9644,33.0692,0.648699868893731,1.47396335714286,"ds",26.65
"1991-1992","llela",-96.9644,33.0692,0.648699868893731,1.47396335714286,"gs",14.375
"1991-1992","lostP",-97.469,30.179,0.426622466319573,0.969363357142868,"ds",27.65
"1991-1992","lostP",-97.469,30.179,0.426622466319573,0.969363357142868,"gs",16.6625
"1991-1992","lubbock",-101.8833,33.5667,-1.51613670566441,-3.44493664285714,"ds",23.5
"1991-1992","lubbock",-101.8833,33.5667,-1.51613670566441,-3.44493664285714,"gs",10.9125
"1991-1992","ninnescah",-97.672833,37.538006,0.33691437436773,0.765530357142865,"ds",25.875
"1991-1992","ninnescah",-97.672833,37.538006,0.33691437436773,0.765530357142865,"gs",9.875
"1991-1992","ozona",-101.2,30.71,-1.21541239100146,-2.76163664285714,"ds",25.425
"1991-1992","ozona",-101.2,30.71,-1.21541239100146,-2.76163664285714,"gs",14.1125
"1991-1992","psu",-94.6997,37.4103,1.64540754548846,3.73866335714285,"ds",25
"1991-1992","psu",-94.6997,37.4103,1.64540754548846,3.73866335714285,"gs",10.25
"1991-1992","shsu",-95.551,30.7233,1.27074545113376,2.88736335714286,"ds",26.65
"1991-1992","shsu",-95.551,30.7233,1.27074545113376,2.88736335714286,"gs",16
"1991-1992","vernon",-99.2906,34.1511,-0.375074316338159,-0.852236642857136,"ds",26.425
"1991-1992","vernon",-99.2906,34.1511,-0.375074316338159,-0.852236642857136,"gs",12.7
"1991-1992","wf",-98.514125,33.913161,-0.0333431408253389,-0.0757616428571453,"ds",26.95
"1991-1992","wf",-98.514125,33.913161,-0.0333431408253389,-0.0757616428571453,"gs",13.375
"1991-1992","woodward",-99.3978,36.4331,-0.422253661474805,-0.959436642857142,"ds",25.6
"1991-1992","woodward",-99.3978,36.4331,-0.422253661474805,-0.959436642857142,"gs",10.5375
"1992-1993","buffalolake",-101.8453,35.1992,-1.49941268406746,-3.40693664285713,"ds",22.475
"1992-1993","buffalolake",-101.8453,35.1992,-1.49941268406746,-3.40693664285713,"gs",8.3
"1992-1993","elreno",-97.9575,35.5303,0.211630767632538,0.480863357142866,"ds",24.325
"1992-1993","elreno",-97.9575,35.5303,0.211630767632538,0.480863357142866,"gs",9.475
"1992-1993","Katy",-95.920129,29.920887,1.10828962565854,2.51823435714286,"ds",27.4
"1992-1993","Katy",-95.920129,29.920887,1.10828962565854,2.51823435714286,"gs",16.35
"1992-1993","llano",-99.7714,30.4897,-0.586677200122656,-1.33303664285714,"ds",26.625
"1992-1993","llano",-99.7714,30.4897,-0.586677200122656,-1.33303664285714,"gs",14.8625
"1992-1993","llela",-96.9644,33.0692,0.648699868893731,1.47396335714286,"ds",26.175
"1992-1993","llela",-96.9644,33.0692,0.648699868893731,1.47396335714286,"gs",13.4
"1992-1993","lostP",-97.469,30.179,0.426622466319573,0.969363357142868,"ds",27.725
"1992-1993","lostP",-97.469,30.179,0.426622466319573,0.969363357142868,"gs",15.95
"1992-1993","lubbock",-101.8833,33.5667,-1.51613670566441,-3.44493664285714,"ds",23.625
"1992-1993","lubbock",-101.8833,33.5667,-1.51613670566441,-3.44493664285714,"gs",10.575
"1992-1993","ninnescah",-97.672833,37.538006,0.33691437436773,0.765530357142865,"ds",22.975
"1992-1993","ninnescah",-97.672833,37.538006,0.33691437436773,0.765530357142865,"gs",6.98749999999999
"1992-1993","ozona",-101.2,30.71,-1.21541239100146,-2.76163664285714,"ds",25.425
"1992-1993","ozona",-101.2,30.71,-1.21541239100146,-2.76163664285714,"gs",14.0625
"1992-1993","psu",-94.6997,37.4103,1.64540754548846,3.73866335714285,"ds",22.825
"1992-1993","psu",-94.6997,37.4103,1.64540754548846,3.73866335714285,"gs",8.24999999999999
"1992-1993","shsu",-95.551,30.7233,1.27074545113376,2.88736335714286,"ds",26.875
"1992-1993","shsu",-95.551,30.7233,1.27074545113376,2.88736335714286,"gs",15.275
"1992-1993","vernon",-99.2906,34.1511,-0.375074316338159,-0.852236642857136,"ds",26.05
"1992-1993","vernon",-99.2906,34.1511,-0.375074316338159,-0.852236642857136,"gs",11.675
"1992-1993","wf",-98.514125,33.913161,-0.0333431408253389,-0.0757616428571453,"ds",26.175
"1992-1993","wf",-98.514125,33.913161,-0.0333431408253389,-0.0757616428571453,"gs",12.3
"1992-1993","woodward",-99.3978,36.4331,-0.422253661474805,-0.959436642857142,"ds",23.35
"1992-1993","woodward",-99.3978,36.4331,-0.422253661474805,-0.959436642857142,"gs",7.55
"1993-1994","buffalolake",-101.8453,35.1992,-1.49941268406746,-3.40693664285713,"ds",23.7
"1993-1994","buffalolake",-101.8453,35.1992,-1.49941268406746,-3.40693664285713,"gs",8.9875
"1993-1994","elreno",-97.9575,35.5303,0.211630767632538,0.480863357142866,"ds",25.8
"1993-1994","elreno",-97.9575,35.5303,0.211630767632538,0.480863357142866,"gs",9.75000000000001
"1993-1994","Katy",-95.920129,29.920887,1.10828962565854,2.51823435714286,"ds",28.025
"1993-1994","Katy",-95.920129,29.920887,1.10828962565854,2.51823435714286,"gs",16.5375
"1993-1994","llano",-99.7714,30.4897,-0.586677200122656,-1.33303664285714,"ds",27.65
"1993-1994","llano",-99.7714,30.4897,-0.586677200122656,-1.33303664285714,"gs",15.375
"1993-1994","llela",-96.9644,33.0692,0.648699868893731,1.47396335714286,"ds",28
"1993-1994","llela",-96.9644,33.0692,0.648699868893731,1.47396335714286,"gs",13.3875
"1993-1994","lostP",-97.469,30.179,0.426622466319573,0.969363357142868,"ds",28.75
"1993-1994","lostP",-97.469,30.179,0.426622466319573,0.969363357142868,"gs",16.45
"1993-1994","lubbock",-101.8833,33.5667,-1.51613670566441,-3.44493664285714,"ds",24.95
"1993-1994","lubbock",-101.8833,33.5667,-1.51613670566441,-3.44493664285714,"gs",11.125
"1993-1994","ninnescah",-97.672833,37.538006,0.33691437436773,0.765530357142865,"ds",24.6
"1993-1994","ninnescah",-97.672833,37.538006,0.33691437436773,0.765530357142865,"gs",8
"1993-1994","ozona",-101.2,30.71,-1.21541239100146,-2.76163664285714,"ds",26.375
"1993-1994","ozona",-101.2,30.71,-1.21541239100146,-2.76163664285714,"gs",14.4875
"1993-1994","psu",-94.6997,37.4103,1.64540754548846,3.73866335714285,"ds",24.5
"1993-1994","psu",-94.6997,37.4103,1.64540754548846,3.73866335714285,"gs",8.6125
"1993-1994","shsu",-95.551,30.7233,1.27074545113376,2.88736335714286,"ds",27.775
"1993-1994","shsu",-95.551,30.7233,1.27074545113376,2.88736335714286,"gs",15.475
"1993-1994","vernon",-99.2906,34.1511,-0.375074316338159,-0.852236642857136,"ds",27.65
"1993-1994","vernon",-99.2906,34.1511,-0.375074316338159,-0.852236642857136,"gs",11.85
"1993-1994","wf",-98.514125,33.913161,-0.0333431408253389,-0.0757616428571453,"ds",27.775
"1993-1994","wf",-98.514125,33.913161,-0.0333431408253389,-0.0757616428571453,"gs",12.325
"1993-1994","woodward",-99.3978,36.4331,-0.422253661474805,-0.959436642857142,"ds",25.15
"1993-1994","woodward",-99.3978,36.4331,-0.422253661474805,-0.959436642857142,"gs",8.9
"1994-1995","buffalolake",-101.8453,35.1992,-1.49941268406746,-3.40693664285713,"ds",24.45
"1994-1995","buffalolake",-101.8453,35.1992,-1.49941268406746,-3.40693664285713,"gs",10.1125
"1994-1995","elreno",-97.9575,35.5303,0.211630767632538,0.480863357142866,"ds",25.825
"1994-1995","elreno",-97.9575,35.5303,0.211630767632538,0.480863357142866,"gs",10.6375
"1994-1995","Katy",-95.920129,29.920887,1.10828962565854,2.51823435714286,"ds",27.125
"1994-1995","Katy",-95.920129,29.920887,1.10828962565854,2.51823435714286,"gs",17.7375
"1994-1995","llano",-99.7714,30.4897,-0.586677200122656,-1.33303664285714,"ds",27.875
"1994-1995","llano",-99.7714,30.4897,-0.586677200122656,-1.33303664285714,"gs",15.9
"1994-1995","llela",-96.9644,33.0692,0.648699868893731,1.47396335714286,"ds",27.125
"1994-1995","llela",-96.9644,33.0692,0.648699868893731,1.47396335714286,"gs",14.4125
"1994-1995","lostP",-97.469,30.179,0.426622466319573,0.969363357142868,"ds",28.75
"1994-1995","lostP",-97.469,30.179,0.426622466319573,0.969363357142868,"gs",17.1625
"1994-1995","lubbock",-101.8833,33.5667,-1.51613670566441,-3.44493664285714,"ds",26
"1994-1995","lubbock",-101.8833,33.5667,-1.51613670566441,-3.44493664285714,"gs",12.2625
"1994-1995","ninnescah",-97.672833,37.538006,0.33691437436773,0.765530357142865,"ds",25.1
"1994-1995","ninnescah",-97.672833,37.538006,0.33691437436773,0.765530357142865,"gs",8.6875
"1994-1995","ozona",-101.2,30.71,-1.21541239100146,-2.76163664285714,"ds",27.1
"1994-1995","ozona",-101.2,30.71,-1.21541239100146,-2.76163664285714,"gs",15.15
"1994-1995","psu",-94.6997,37.4103,1.64540754548846,3.73866335714285,"ds",24.4
"1994-1995","psu",-94.6997,37.4103,1.64540754548846,3.73866335714285,"gs",9.8
"1994-1995","shsu",-95.551,30.7233,1.27074545113376,2.88736335714286,"ds",26.875
"1994-1995","shsu",-95.551,30.7233,1.27074545113376,2.88736335714286,"gs",16.7375
"1994-1995","vernon",-99.2906,34.1511,-0.375074316338159,-0.852236642857136,"ds",27.95
"1994-1995","vernon",-99.2906,34.1511,-0.375074316338159,-0.852236642857136,"gs",12.875
"1994-1995","wf",-98.514125,33.913161,-0.0333431408253389,-0.0757616428571453,"ds",27.725
"1994-1995","wf",-98.514125,33.913161,-0.0333431408253389,-0.0757616428571453,"gs",13.0875
"1994-1995","woodward",-99.3978,36.4331,-0.422253661474805,-0.959436642857142,"ds",25.875
"1994-1995","woodward",-99.3978,36.4331,-0.422253661474805,-0.959436642857142,"gs",9.2625
"1995-1996","buffalolake",-101.8453,35.1992,-1.49941268406746,-3.40693664285713,"ds",23.3
"1995-1996","buffalolake",-101.8453,35.1992,-1.49941268406746,-3.40693664285713,"gs",10.2375
"1995-1996","elreno",-97.9575,35.5303,0.211630767632538,0.480863357142866,"ds",24.95
"1995-1996","elreno",-97.9575,35.5303,0.211630767632538,0.480863357142866,"gs",10.6125
"1995-1996","Katy",-95.920129,29.920887,1.10828962565854,2.51823435714286,"ds",27.5
"1995-1996","Katy",-95.920129,29.920887,1.10828962565854,2.51823435714286,"gs",16.6875
"1995-1996","llano",-99.7714,30.4897,-0.586677200122656,-1.33303664285714,"ds",27.275
"1995-1996","llano",-99.7714,30.4897,-0.586677200122656,-1.33303664285714,"gs",15.75
"1995-1996","llela",-96.9644,33.0692,0.648699868893731,1.47396335714286,"ds",27.2
"1995-1996","llela",-96.9644,33.0692,0.648699868893731,1.47396335714286,"gs",14
"1995-1996","lostP",-97.469,30.179,0.426622466319573,0.969363357142868,"ds",27.925
"1995-1996","lostP",-97.469,30.179,0.426622466319573,0.969363357142868,"gs",16.775
"1995-1996","lubbock",-101.8833,33.5667,-1.51613670566441,-3.44493664285714,"ds",24.725
"1995-1996","lubbock",-101.8833,33.5667,-1.51613670566441,-3.44493664285714,"gs",12.3625
"1995-1996","ninnescah",-97.672833,37.538006,0.33691437436773,0.765530357142865,"ds",24.175
"1995-1996","ninnescah",-97.672833,37.538006,0.33691437436773,0.765530357142865,"gs",8.475
"1995-1996","ozona",-101.2,30.71,-1.21541239100146,-2.76163664285714,"ds",26.75
"1995-1996","ozona",-101.2,30.71,-1.21541239100146,-2.76163664285714,"gs",15.025
"1995-1996","psu",-94.6997,37.4103,1.64540754548846,3.73866335714285,"ds",24.725
"1995-1996","psu",-94.6997,37.4103,1.64540754548846,3.73866335714285,"gs",8.56249999999999
"1995-1996","shsu",-95.551,30.7233,1.27074545113376,2.88736335714286,"ds",27.325
"1995-1996","shsu",-95.551,30.7233,1.27074545113376,2.88736335714286,"gs",15.7875
"1995-1996","vernon",-99.2906,34.1511,-0.375074316338159,-0.852236642857136,"ds",26.5
"1995-1996","vernon",-99.2906,34.1511,-0.375074316338159,-0.852236642857136,"gs",13.0875
"1995-1996","wf",-98.514125,33.913161,-0.0333431408253389,-0.0757616428571453,"ds",26.8
"1995-1996","wf",-98.514125,33.913161,-0.0333431408253389,-0.0757616428571453,"gs",13.575
"1995-1996","woodward",-99.3978,36.4331,-0.422253661474805,-0.959436642857142,"ds",24.175
"1995-1996","woodward",-99.3978,36.4331,-0.422253661474805,-0.959436642857142,"gs",9.52500000000001
"1996-1997","buffalolake",-101.8453,35.1992,-1.49941268406746,-3.40693664285713,"ds",22.95
"1996-1997","buffalolake",-101.8453,35.1992,-1.49941268406746,-3.40693664285713,"gs",8.8875
"1996-1997","elreno",-97.9575,35.5303,0.211630767632538,0.480863357142866,"ds",24.775
"1996-1997","elreno",-97.9575,35.5303,0.211630767632538,0.480863357142866,"gs",9.9125
"1996-1997","Katy",-95.920129,29.920887,1.10828962565854,2.51823435714286,"ds",27.175
"1996-1997","Katy",-95.920129,29.920887,1.10828962565854,2.51823435714286,"gs",16.6
"1996-1997","llano",-99.7714,30.4897,-0.586677200122656,-1.33303664285714,"ds",27.675
"1996-1997","llano",-99.7714,30.4897,-0.586677200122656,-1.33303664285714,"gs",14.4375
"1996-1997","llela",-96.9644,33.0692,0.648699868893731,1.47396335714286,"ds",27.075
"1996-1997","llela",-96.9644,33.0692,0.648699868893731,1.47396335714286,"gs",13.525
"1996-1997","lostP",-97.469,30.179,0.426622466319573,0.969363357142868,"ds",28.15
"1996-1997","lostP",-97.469,30.179,0.426622466319573,0.969363357142868,"gs",15.925
"1996-1997","lubbock",-101.8833,33.5667,-1.51613670566441,-3.44493664285714,"ds",24.375
"1996-1997","lubbock",-101.8833,33.5667,-1.51613670566441,-3.44493664285714,"gs",10.8
"1996-1997","ninnescah",-97.672833,37.538006,0.33691437436773,0.765530357142865,"ds",24.025
"1996-1997","ninnescah",-97.672833,37.538006,0.33691437436773,0.765530357142865,"gs",7.76249999999999
"1996-1997","ozona",-101.2,30.71,-1.21541239100146,-2.76163664285714,"ds",27.05
"1996-1997","ozona",-101.2,30.71,-1.21541239100146,-2.76163664285714,"gs",13.625
"1996-1997","psu",-94.6997,37.4103,1.64540754548846,3.73866335714285,"ds",23.875
"1996-1997","psu",-94.6997,37.4103,1.64540754548846,3.73866335714285,"gs",8.4875
"1996-1997","shsu",-95.551,30.7233,1.27074545113376,2.88736335714286,"ds",26.7
"1996-1997","shsu",-95.551,30.7233,1.27074545113376,2.88736335714286,"gs",15.7
"1996-1997","vernon",-99.2906,34.1511,-0.375074316338159,-0.852236642857136,"ds",26.75
"1996-1997","vernon",-99.2906,34.1511,-0.375074316338159,-0.852236642857136,"gs",12.15
"1996-1997","wf",-98.514125,33.913161,-0.0333431408253389,-0.0757616428571453,"ds",27.075
"1996-1997","wf",-98.514125,33.913161,-0.0333431408253389,-0.0757616428571453,"gs",12.55
"1996-1997","woodward",-99.3978,36.4331,-0.422253661474805,-0.959436642857142,"ds",23.95
"1996-1997","woodward",-99.3978,36.4331,-0.422253661474805,-0.959436642857142,"gs",8.525
"1997-1998","buffalolake",-101.8453,35.1992,-1.49941268406746,-3.40693664285713,"ds",23.525
"1997-1998","buffalolake",-101.8453,35.1992,-1.49941268406746,-3.40693664285713,"gs",8.7
"1997-1998","elreno",-97.9575,35.5303,0.211630767632538,0.480863357142866,"ds",25.35
"1997-1998","elreno",-97.9575,35.5303,0.211630767632538,0.480863357142866,"gs",10.3375
"1997-1998","Katy",-95.920129,29.920887,1.10828962565854,2.51823435714286,"ds",27.425
"1997-1998","Katy",-95.920129,29.920887,1.10828962565854,2.51823435714286,"gs",16.5
"1997-1998","llano",-99.7714,30.4897,-0.586677200122656,-1.33303664285714,"ds",27.25
"1997-1998","llano",-99.7714,30.4897,-0.586677200122656,-1.33303664285714,"gs",15.725
"1997-1998","llela",-96.9644,33.0692,0.648699868893731,1.47396335714286,"ds",27.725
"1997-1998","llela",-96.9644,33.0692,0.648699868893731,1.47396335714286,"gs",13.975
"1997-1998","lostP",-97.469,30.179,0.426622466319573,0.969363357142868,"ds",27.9
"1997-1998","lostP",-97.469,30.179,0.426622466319573,0.969363357142868,"gs",16.375
"1997-1998","lubbock",-101.8833,33.5667,-1.51613670566441,-3.44493664285714,"ds",24.475
"1997-1998","lubbock",-101.8833,33.5667,-1.51613670566441,-3.44493664285714,"gs",11.1625
"1997-1998","ninnescah",-97.672833,37.538006,0.33691437436773,0.765530357142865,"ds",24.275
"1997-1998","ninnescah",-97.672833,37.538006,0.33691437436773,0.765530357142865,"gs",8.56249999999999
"1997-1998","ozona",-101.2,30.71,-1.21541239100146,-2.76163664285714,"ds",26.825
"1997-1998","ozona",-101.2,30.71,-1.21541239100146,-2.76163664285714,"gs",14.725
"1997-1998","psu",-94.6997,37.4103,1.64540754548846,3.73866335714285,"ds",24.2
"1997-1998","psu",-94.6997,37.4103,1.64540754548846,3.73866335714285,"gs",9.6125
"1997-1998","shsu",-95.551,30.7233,1.27074545113376,2.88736335714286,"ds",27.1
"1997-1998","shsu",-95.551,30.7233,1.27074545113376,2.88736335714286,"gs",15.6375
"1997-1998","vernon",-99.2906,34.1511,-0.375074316338159,-0.852236642857136,"ds",27.25
"1997-1998","vernon",-99.2906,34.1511,-0.375074316338159,-0.852236642857136,"gs",12.475
"1997-1998","wf",-98.514125,33.913161,-0.0333431408253389,-0.0757616428571453,"ds",27.55
"1997-1998","wf",-98.514125,33.913161,-0.0333431408253389,-0.0757616428571453,"gs",12.8625
"1997-1998","woodward",-99.3978,36.4331,-0.422253661474805,-0.959436642857142,"ds",24.775
"1997-1998","woodward",-99.3978,36.4331,-0.422253661474805,-0.959436642857142,"gs",8.975
"1998-1999","buffalolake",-101.8453,35.1992,-1.49941268406746,-3.40693664285713,"ds",25.875
"1998-1999","buffalolake",-101.8453,35.1992,-1.49941268406746,-3.40693664285713,"gs",10.0375
"1998-1999","elreno",-97.9575,35.5303,0.211630767632538,0.480863357142866,"ds",28.575
"1998-1999","elreno",-97.9575,35.5303,0.211630767632538,0.480863357142866,"gs",11.4375
"1998-1999","Katy",-95.920129,29.920887,1.10828962565854,2.51823435714286,"ds",28.9
"1998-1999","Katy",-95.920129,29.920887,1.10828962565854,2.51823435714286,"gs",18.1875
"1998-1999","llano",-99.7714,30.4897,-0.586677200122656,-1.33303664285714,"ds",28.45
"1998-1999","llano",-99.7714,30.4897,-0.586677200122656,-1.33303664285714,"gs",16.825
"1998-1999","llela",-96.9644,33.0692,0.648699868893731,1.47396335714286,"ds",30.3
"1998-1999","llela",-96.9644,33.0692,0.648699868893731,1.47396335714286,"gs",15.2
"1998-1999","lostP",-97.469,30.179,0.426622466319573,0.969363357142868,"ds",29.8
"1998-1999","lostP",-97.469,30.179,0.426622466319573,0.969363357142868,"gs",17.7
"1998-1999","lubbock",-101.8833,33.5667,-1.51613670566441,-3.44493664285714,"ds",26.95
"1998-1999","lubbock",-101.8833,33.5667,-1.51613670566441,-3.44493664285714,"gs",12.3125
"1998-1999","ninnescah",-97.672833,37.538006,0.33691437436773,0.765530357142865,"ds",27.05
"1998-1999","ninnescah",-97.672833,37.538006,0.33691437436773,0.765530357142865,"gs",9.3875
"1998-1999","ozona",-101.2,30.71,-1.21541239100146,-2.76163664285714,"ds",27.75
"1998-1999","ozona",-101.2,30.71,-1.21541239100146,-2.76163664285714,"gs",15.475
"1998-1999","psu",-94.6997,37.4103,1.64540754548846,3.73866335714285,"ds",26.35
"1998-1999","psu",-94.6997,37.4103,1.64540754548846,3.73866335714285,"gs",10.3875
"1998-1999","shsu",-95.551,30.7233,1.27074545113376,2.88736335714286,"ds",28.8
"1998-1999","shsu",-95.551,30.7233,1.27074545113376,2.88736335714286,"gs",17.25
"1998-1999","vernon",-99.2906,34.1511,-0.375074316338159,-0.852236642857136,"ds",30.675
"1998-1999","vernon",-99.2906,34.1511,-0.375074316338159,-0.852236642857136,"gs",13.8
"1998-1999","wf",-98.514125,33.913161,-0.0333431408253389,-0.0757616428571453,"ds",30.6
"1998-1999","wf",-98.514125,33.913161,-0.0333431408253389,-0.0757616428571453,"gs",14.175
"1998-1999","woodward",-99.3978,36.4331,-0.422253661474805,-0.959436642857142,"ds",27.625
"1998-1999","woodward",-99.3978,36.4331,-0.422253661474805,-0.959436642857142,"gs",10.2
"1999-2000","buffalolake",-101.8453,35.1992,-1.49941268406746,-3.40693664285713,"ds",23.15
"1999-2000","buffalolake",-101.8453,35.1992,-1.49941268406746,-3.40693664285713,"gs",11.0625
"1999-2000","elreno",-97.9575,35.5303,0.211630767632538,0.480863357142866,"ds",25.875
"1999-2000","elreno",-97.9575,35.5303,0.211630767632538,0.480863357142866,"gs",12.3375
"1999-2000","Katy",-95.920129,29.920887,1.10828962565854,2.51823435714286,"ds",27.375
"1999-2000","Katy",-95.920129,29.920887,1.10828962565854,2.51823435714286,"gs",18.3875
"1999-2000","llano",-99.7714,30.4897,-0.586677200122656,-1.33303664285714,"ds",27.875
"1999-2000","llano",-99.7714,30.4897,-0.586677200122656,-1.33303664285714,"gs",17.45
"1999-2000","llela",-96.9644,33.0692,0.648699868893731,1.47396335714286,"ds",28.325
"1999-2000","llela",-96.9644,33.0692,0.648699868893731,1.47396335714286,"gs",15.85
"1999-2000","lostP",-97.469,30.179,0.426622466319573,0.969363357142868,"ds",28.45
"1999-2000","lostP",-97.469,30.179,0.426622466319573,0.969363357142868,"gs",18.375
"1999-2000","lubbock",-101.8833,33.5667,-1.51613670566441,-3.44493664285714,"ds",24.875
"1999-2000","lubbock",-101.8833,33.5667,-1.51613670566441,-3.44493664285714,"gs",13.2375
"1999-2000","ninnescah",-97.672833,37.538006,0.33691437436773,0.765530357142865,"ds",24.125
"1999-2000","ninnescah",-97.672833,37.538006,0.33691437436773,0.765530357142865,"gs",9.7625
"1999-2000","ozona",-101.2,30.71,-1.21541239100146,-2.76163664285714,"ds",26.475
"1999-2000","ozona",-101.2,30.71,-1.21541239100146,-2.76163664285714,"gs",16.775
"1999-2000","psu",-94.6997,37.4103,1.64540754548846,3.73866335714285,"ds",24.85
"1999-2000","psu",-94.6997,37.4103,1.64540754548846,3.73866335714285,"gs",11.3375
"1999-2000","shsu",-95.551,30.7233,1.27074545113376,2.88736335714286,"ds",27.175
"1999-2000","shsu",-95.551,30.7233,1.27074545113376,2.88736335714286,"gs",17.5
"1999-2000","vernon",-99.2906,34.1511,-0.375074316338159,-0.852236642857136,"ds",28.6
"1999-2000","vernon",-99.2906,34.1511,-0.375074316338159,-0.852236642857136,"gs",14.75
"1999-2000","wf",-98.514125,33.913161,-0.0333431408253389,-0.0757616428571453,"ds",28.825
"1999-2000","wf",-98.514125,33.913161,-0.0333431408253389,-0.0757616428571453,"gs",15.1875
"1999-2000","woodward",-99.3978,36.4331,-0.422253661474805,-0.959436642857142,"ds",25.15
"1999-2000","woodward",-99.3978,36.4331,-0.422253661474805,-0.959436642857142,"gs",10.9625
"2000-2001","buffalolake",-101.8453,35.1992,-1.49941268406746,-3.40693664285713,"ds",24.875
"2000-2001","buffalolake",-101.8453,35.1992,-1.49941268406746,-3.40693664285713,"gs",8.0875
"2000-2001","elreno",-97.9575,35.5303,0.211630767632538,0.480863357142866,"ds",27.15
"2000-2001","elreno",-97.9575,35.5303,0.211630767632538,0.480863357142866,"gs",9.525
"2000-2001","Katy",-95.920129,29.920887,1.10828962565854,2.51823435714286,"ds",28.475
"2000-2001","Katy",-95.920129,29.920887,1.10828962565854,2.51823435714286,"gs",16.1875
"2000-2001","llano",-99.7714,30.4897,-0.586677200122656,-1.33303664285714,"ds",28.7
"2000-2001","llano",-99.7714,30.4897,-0.586677200122656,-1.33303664285714,"gs",14.1875
"2000-2001","llela",-96.9644,33.0692,0.648699868893731,1.47396335714286,"ds",28.5
"2000-2001","llela",-96.9644,33.0692,0.648699868893731,1.47396335714286,"gs",13.2
"2000-2001","lostP",-97.469,30.179,0.426622466319573,0.969363357142868,"ds",28.9
"2000-2001","lostP",-97.469,30.179,0.426622466319573,0.969363357142868,"gs",15.5875
"2000-2001","lubbock",-101.8833,33.5667,-1.51613670566441,-3.44493664285714,"ds",25.675
"2000-2001","lubbock",-101.8833,33.5667,-1.51613670566441,-3.44493664285714,"gs",10.325
"2000-2001","ninnescah",-97.672833,37.538006,0.33691437436773,0.765530357142865,"ds",25.575
"2000-2001","ninnescah",-97.672833,37.538006,0.33691437436773,0.765530357142865,"gs",7.7625
"2000-2001","ozona",-101.2,30.71,-1.21541239100146,-2.76163664285714,"ds",28
"2000-2001","ozona",-101.2,30.71,-1.21541239100146,-2.76163664285714,"gs",13.8
"2000-2001","psu",-94.6997,37.4103,1.64540754548846,3.73866335714285,"ds",25.35
"2000-2001","psu",-94.6997,37.4103,1.64540754548846,3.73866335714285,"gs",8.3
"2000-2001","shsu",-95.551,30.7233,1.27074545113376,2.88736335714286,"ds",28
"2000-2001","shsu",-95.551,30.7233,1.27074545113376,2.88736335714286,"gs",15.1375
"2000-2001","vernon",-99.2906,34.1511,-0.375074316338159,-0.852236642857136,"ds",28.625
"2000-2001","vernon",-99.2906,34.1511,-0.375074316338159,-0.852236642857136,"gs",11.4375
"2000-2001","wf",-98.514125,33.913161,-0.0333431408253389,-0.0757616428571453,"ds",29
"2000-2001","wf",-98.514125,33.913161,-0.0333431408253389,-0.0757616428571453,"gs",12.0125
"2000-2001","woodward",-99.3978,36.4331,-0.422253661474805,-0.959436642857142,"ds",26.075
"2000-2001","woodward",-99.3978,36.4331,-0.422253661474805,-0.959436642857142,"gs",8.425
"2001-2002","buffalolake",-101.8453,35.1992,-1.49941268406746,-3.40693664285713,"ds",25.1
"2001-2002","buffalolake",-101.8453,35.1992,-1.49941268406746,-3.40693664285713,"gs",10.1625
"2001-2002","elreno",-97.9575,35.5303,0.211630767632538,0.480863357142866,"ds",26.85
"2001-2002","elreno",-97.9575,35.5303,0.211630767632538,0.480863357142866,"gs",11.3125
"2001-2002","Katy",-95.920129,29.920887,1.10828962565854,2.51823435714286,"ds",27.35
"2001-2002","Katy",-95.920129,29.920887,1.10828962565854,2.51823435714286,"gs",17.2125
"2001-2002","llano",-99.7714,30.4897,-0.586677200122656,-1.33303664285714,"ds",27.725
"2001-2002","llano",-99.7714,30.4897,-0.586677200122656,-1.33303664285714,"gs",15.7
"2001-2002","llela",-96.9644,33.0692,0.648699868893731,1.47396335714286,"ds",27.55
"2001-2002","llela",-96.9644,33.0692,0.648699868893731,1.47396335714286,"gs",14.2625
"2001-2002","lostP",-97.469,30.179,0.426622466319573,0.969363357142868,"ds",28.225
"2001-2002","lostP",-97.469,30.179,0.426622466319573,0.969363357142868,"gs",16.7125
"2001-2002","lubbock",-101.8833,33.5667,-1.51613670566441,-3.44493664285714,"ds",26.325
"2001-2002","lubbock",-101.8833,33.5667,-1.51613670566441,-3.44493664285714,"gs",11.7
"2001-2002","ninnescah",-97.672833,37.538006,0.33691437436773,0.765530357142865,"ds",26
"2001-2002","ninnescah",-97.672833,37.538006,0.33691437436773,0.765530357142865,"gs",9.67499999999999
"2001-2002","ozona",-101.2,30.71,-1.21541239100146,-2.76163664285714,"ds",27.425
"2001-2002","ozona",-101.2,30.71,-1.21541239100146,-2.76163664285714,"gs",14.8875
"2001-2002","psu",-94.6997,37.4103,1.64540754548846,3.73866335714285,"ds",25.325
"2001-2002","psu",-94.6997,37.4103,1.64540754548846,3.73866335714285,"gs",10.0625
"2001-2002","shsu",-95.551,30.7233,1.27074545113376,2.88736335714286,"ds",26.725
"2001-2002","shsu",-95.551,30.7233,1.27074545113376,2.88736335714286,"gs",16.1375
"2001-2002","vernon",-99.2906,34.1511,-0.375074316338159,-0.852236642857136,"ds",28.6
"2001-2002","vernon",-99.2906,34.1511,-0.375074316338159,-0.852236642857136,"gs",13.225
"2001-2002","wf",-98.514125,33.913161,-0.0333431408253389,-0.0757616428571453,"ds",28.325
"2001-2002","wf",-98.514125,33.913161,-0.0333431408253389,-0.0757616428571453,"gs",13.425
"2001-2002","woodward",-99.3978,36.4331,-0.422253661474805,-0.959436642857142,"ds",26.525
"2001-2002","woodward",-99.3978,36.4331,-0.422253661474805,-0.959436642857142,"gs",10.55
"2002-2003","buffalolake",-101.8453,35.1992,-1.49941268406746,-3.40693664285713,"ds",24.15
"2002-2003","buffalolake",-101.8453,35.1992,-1.49941268406746,-3.40693664285713,"gs",9
"2002-2003","elreno",-97.9575,35.5303,0.211630767632538,0.480863357142866,"ds",25.825
"2002-2003","elreno",-97.9575,35.5303,0.211630767632538,0.480863357142866,"gs",9.8625
"2002-2003","Katy",-95.920129,29.920887,1.10828962565854,2.51823435714286,"ds",27.725
"2002-2003","Katy",-95.920129,29.920887,1.10828962565854,2.51823435714286,"gs",16.575
"2002-2003","llano",-99.7714,30.4897,-0.586677200122656,-1.33303664285714,"ds",26.975
"2002-2003","llano",-99.7714,30.4897,-0.586677200122656,-1.33303664285714,"gs",15.4625
"2002-2003","llela",-96.9644,33.0692,0.648699868893731,1.47396335714286,"ds",27.6
"2002-2003","llela",-96.9644,33.0692,0.648699868893731,1.47396335714286,"gs",13.6625
"2002-2003","lostP",-97.469,30.179,0.426622466319573,0.969363357142868,"ds",27.95
"2002-2003","lostP",-97.469,30.179,0.426622466319573,0.969363357142868,"gs",15.975
"2002-2003","lubbock",-101.8833,33.5667,-1.51613670566441,-3.44493664285714,"ds",25.425
"2002-2003","lubbock",-101.8833,33.5667,-1.51613670566441,-3.44493664285714,"gs",11.3875
"2002-2003","ninnescah",-97.672833,37.538006,0.33691437436773,0.765530357142865,"ds",25.925
"2002-2003","ninnescah",-97.672833,37.538006,0.33691437436773,0.765530357142865,"gs",7.5375
"2002-2003","ozona",-101.2,30.71,-1.21541239100146,-2.76163664285714,"ds",27.1
"2002-2003","ozona",-101.2,30.71,-1.21541239100146,-2.76163664285714,"gs",14.5125
"2002-2003","psu",-94.6997,37.4103,1.64540754548846,3.73866335714285,"ds",25.4
"2002-2003","psu",-94.6997,37.4103,1.64540754548846,3.73866335714285,"gs",8.6875
"2002-2003","shsu",-95.551,30.7233,1.27074545113376,2.88736335714286,"ds",27.05
"2002-2003","shsu",-95.551,30.7233,1.27074545113376,2.88736335714286,"gs",15.5625
"2002-2003","vernon",-99.2906,34.1511,-0.375074316338159,-0.852236642857136,"ds",26.9
"2002-2003","vernon",-99.2906,34.1511,-0.375074316338159,-0.852236642857136,"gs",12.0625
"2002-2003","wf",-98.514125,33.913161,-0.0333431408253389,-0.0757616428571453,"ds",27.2
"2002-2003","wf",-98.514125,33.913161,-0.0333431408253389,-0.0757616428571453,"gs",12.5875
"2002-2003","woodward",-99.3978,36.4331,-0.422253661474805,-0.959436642857142,"ds",25.775
"2002-2003","woodward",-99.3978,36.4331,-0.422253661474805,-0.959436642857142,"gs",8.525
"2003-2004","buffalolake",-101.8453,35.1992,-1.49941268406746,-3.40693664285713,"ds",23.575
"2003-2004","buffalolake",-101.8453,35.1992,-1.49941268406746,-3.40693664285713,"gs",10.525
"2003-2004","elreno",-97.9575,35.5303,0.211630767632538,0.480863357142866,"ds",25.725
"2003-2004","elreno",-97.9575,35.5303,0.211630767632538,0.480863357142866,"gs",11.5
"2003-2004","Katy",-95.920129,29.920887,1.10828962565854,2.51823435714286,"ds",26.925
"2003-2004","Katy",-95.920129,29.920887,1.10828962565854,2.51823435714286,"gs",17.3125
"2003-2004","llano",-99.7714,30.4897,-0.586677200122656,-1.33303664285714,"ds",26.525
"2003-2004","llano",-99.7714,30.4897,-0.586677200122656,-1.33303664285714,"gs",15.7125
"2003-2004","llela",-96.9644,33.0692,0.648699868893731,1.47396335714286,"ds",27.15
"2003-2004","llela",-96.9644,33.0692,0.648699868893731,1.47396335714286,"gs",15.0625
"2003-2004","lostP",-97.469,30.179,0.426622466319573,0.969363357142868,"ds",27.8
"2003-2004","lostP",-97.469,30.179,0.426622466319573,0.969363357142868,"gs",17.2
"2003-2004","lubbock",-101.8833,33.5667,-1.51613670566441,-3.44493664285714,"ds",24.775
"2003-2004","lubbock",-101.8833,33.5667,-1.51613670566441,-3.44493664285714,"gs",12.15
"2003-2004","ninnescah",-97.672833,37.538006,0.33691437436773,0.765530357142865,"ds",24.7
"2003-2004","ninnescah",-97.672833,37.538006,0.33691437436773,0.765530357142865,"gs",9.0125
"2003-2004","ozona",-101.2,30.71,-1.21541239100146,-2.76163664285714,"ds",25.9
"2003-2004","ozona",-101.2,30.71,-1.21541239100146,-2.76163664285714,"gs",14.85
"2003-2004","psu",-94.6997,37.4103,1.64540754548846,3.73866335714285,"ds",24.575
"2003-2004","psu",-94.6997,37.4103,1.64540754548846,3.73866335714285,"gs",10.2
"2003-2004","shsu",-95.551,30.7233,1.27074545113376,2.88736335714286,"ds",26.675
"2003-2004","shsu",-95.551,30.7233,1.27074545113376,2.88736335714286,"gs",16.375
"2003-2004","vernon",-99.2906,34.1511,-0.375074316338159,-0.852236642857136,"ds",27.1
"2003-2004","vernon",-99.2906,34.1511,-0.375074316338159,-0.852236642857136,"gs",13.825
"2003-2004","wf",-98.514125,33.913161,-0.0333431408253389,-0.0757616428571453,"ds",27.4
"2003-2004","wf",-98.514125,33.913161,-0.0333431408253389,-0.0757616428571453,"gs",14.2375
"2003-2004","woodward",-99.3978,36.4331,-0.422253661474805,-0.959436642857142,"ds",25.05
"2003-2004","woodward",-99.3978,36.4331,-0.422253661474805,-0.959436642857142,"gs",10.2375
"2004-2005","buffalolake",-101.8453,35.1992,-1.49941268406746,-3.40693664285713,"ds",22.575
"2004-2005","buffalolake",-101.8453,35.1992,-1.49941268406746,-3.40693664285713,"gs",9.56249999999999
"2004-2005","elreno",-97.9575,35.5303,0.211630767632538,0.480863357142866,"ds",25.025
"2004-2005","elreno",-97.9575,35.5303,0.211630767632538,0.480863357142866,"gs",11.45
"2004-2005","Katy",-95.920129,29.920887,1.10828962565854,2.51823435714286,"ds",27.275
"2004-2005","Katy",-95.920129,29.920887,1.10828962565854,2.51823435714286,"gs",17.5375
"2004-2005","llano",-99.7714,30.4897,-0.586677200122656,-1.33303664285714,"ds",26.675
"2004-2005","llano",-99.7714,30.4897,-0.586677200122656,-1.33303664285714,"gs",15.7
"2004-2005","llela",-96.9644,33.0692,0.648699868893731,1.47396335714286,"ds",26.575
"2004-2005","llela",-96.9644,33.0692,0.648699868893731,1.47396335714286,"gs",15
"2004-2005","lostP",-97.469,30.179,0.426622466319573,0.969363357142868,"ds",27.85
"2004-2005","lostP",-97.469,30.179,0.426622466319573,0.969363357142868,"gs",17.175
"2004-2005","lubbock",-101.8833,33.5667,-1.51613670566441,-3.44493664285714,"ds",23.875
"2004-2005","lubbock",-101.8833,33.5667,-1.51613670566441,-3.44493664285714,"gs",11.15
"2004-2005","ninnescah",-97.672833,37.538006,0.33691437436773,0.765530357142865,"ds",23.975
"2004-2005","ninnescah",-97.672833,37.538006,0.33691437436773,0.765530357142865,"gs",9.41249999999999
"2004-2005","ozona",-101.2,30.71,-1.21541239100146,-2.76163664285714,"ds",25.5
"2004-2005","ozona",-101.2,30.71,-1.21541239100146,-2.76163664285714,"gs",14.4375
"2004-2005","psu",-94.6997,37.4103,1.64540754548846,3.73866335714285,"ds",23.625
"2004-2005","psu",-94.6997,37.4103,1.64540754548846,3.73866335714285,"gs",10.275
"2004-2005","shsu",-95.551,30.7233,1.27074545113376,2.88736335714286,"ds",27.05
"2004-2005","shsu",-95.551,30.7233,1.27074545113376,2.88736335714286,"gs",16.8625
"2004-2005","vernon",-99.2906,34.1511,-0.375074316338159,-0.852236642857136,"ds",26.6
"2004-2005","vernon",-99.2906,34.1511,-0.375074316338159,-0.852236642857136,"gs",13.1125
"2004-2005","wf",-98.514125,33.913161,-0.0333431408253389,-0.0757616428571453,"ds",26.625
"2004-2005","wf",-98.514125,33.913161,-0.0333431408253389,-0.0757616428571453,"gs",13.8125
"2004-2005","woodward",-99.3978,36.4331,-0.422253661474805,-0.959436642857142,"ds",24.4
"2004-2005","woodward",-99.3978,36.4331,-0.422253661474805,-0.959436642857142,"gs",10.2
"2005-2006","buffalolake",-101.8453,35.1992,-1.49941268406746,-3.40693664285713,"ds",24.275
"2005-2006","buffalolake",-101.8453,35.1992,-1.49941268406746,-3.40693664285713,"gs",11.075
"2005-2006","elreno",-97.9575,35.5303,0.211630767632538,0.480863357142866,"ds",26.65
"2005-2006","elreno",-97.9575,35.5303,0.211630767632538,0.480863357142866,"gs",12.9875
"2005-2006","Katy",-95.920129,29.920887,1.10828962565854,2.51823435714286,"ds",28.625
"2005-2006","Katy",-95.920129,29.920887,1.10828962565854,2.51823435714286,"gs",18.3375
"2005-2006","llano",-99.7714,30.4897,-0.586677200122656,-1.33303664285714,"ds",28.225
"2005-2006","llano",-99.7714,30.4897,-0.586677200122656,-1.33303664285714,"gs",16.9
"2005-2006","llela",-96.9644,33.0692,0.648699868893731,1.47396335714286,"ds",28.95
"2005-2006","llela",-96.9644,33.0692,0.648699868893731,1.47396335714286,"gs",16.275
"2005-2006","lostP",-97.469,30.179,0.426622466319573,0.969363357142868,"ds",29.4
"2005-2006","lostP",-97.469,30.179,0.426622466319573,0.969363357142868,"gs",18.35
"2005-2006","lubbock",-101.8833,33.5667,-1.51613670566441,-3.44493664285714,"ds",25.175
"2005-2006","lubbock",-101.8833,33.5667,-1.51613670566441,-3.44493664285714,"gs",12.975
"2005-2006","ninnescah",-97.672833,37.538006,0.33691437436773,0.765530357142865,"ds",25.6
"2005-2006","ninnescah",-97.672833,37.538006,0.33691437436773,0.765530357142865,"gs",10.45
"2005-2006","ozona",-101.2,30.71,-1.21541239100146,-2.76163664285714,"ds",27.25
"2005-2006","ozona",-101.2,30.71,-1.21541239100146,-2.76163664285714,"gs",15.875
"2005-2006","psu",-94.6997,37.4103,1.64540754548846,3.73866335714285,"ds",25.95
"2005-2006","psu",-94.6997,37.4103,1.64540754548846,3.73866335714285,"gs",11
"2005-2006","shsu",-95.551,30.7233,1.27074545113376,2.88736335714286,"ds",28.25
"2005-2006","shsu",-95.551,30.7233,1.27074545113376,2.88736335714286,"gs",17.4875
"2005-2006","vernon",-99.2906,34.1511,-0.375074316338159,-0.852236642857136,"ds",27.625
"2005-2006","vernon",-99.2906,34.1511,-0.375074316338159,-0.852236642857136,"gs",14.475
"2005-2006","wf",-98.514125,33.913161,-0.0333431408253389,-0.0757616428571453,"ds",28.05
"2005-2006","wf",-98.514125,33.913161,-0.0333431408253389,-0.0757616428571453,"gs",15.175
"2005-2006","woodward",-99.3978,36.4331,-0.422253661474805,-0.959436642857142,"ds",25.7
"2005-2006","woodward",-99.3978,36.4331,-0.422253661474805,-0.959436642857142,"gs",11.3125
"2006-2007","buffalolake",-101.8453,35.1992,-1.49941268406746,-3.40693664285713,"ds",23.975
"2006-2007","buffalolake",-101.8453,35.1992,-1.49941268406746,-3.40693664285713,"gs",9.1
"2006-2007","elreno",-97.9575,35.5303,0.211630767632538,0.480863357142866,"ds",27.225
"2006-2007","elreno",-97.9575,35.5303,0.211630767632538,0.480863357142866,"gs",11.0375
"2006-2007","Katy",-95.920129,29.920887,1.10828962565854,2.51823435714286,"ds",27.475
"2006-2007","Katy",-95.920129,29.920887,1.10828962565854,2.51823435714286,"gs",16.7375
"2006-2007","llano",-99.7714,30.4897,-0.586677200122656,-1.33303664285714,"ds",27.775
"2006-2007","llano",-99.7714,30.4897,-0.586677200122656,-1.33303664285714,"gs",15.2625
"2006-2007","llela",-96.9644,33.0692,0.648699868893731,1.47396335714286,"ds",29.05
"2006-2007","llela",-96.9644,33.0692,0.648699868893731,1.47396335714286,"gs",14.625
"2006-2007","lostP",-97.469,30.179,0.426622466319573,0.969363357142868,"ds",29.125
"2006-2007","lostP",-97.469,30.179,0.426622466319573,0.969363357142868,"gs",16.7375
"2006-2007","lubbock",-101.8833,33.5667,-1.51613670566441,-3.44493664285714,"ds",25.325
"2006-2007","lubbock",-101.8833,33.5667,-1.51613670566441,-3.44493664285714,"gs",10.7625
"2006-2007","ninnescah",-97.672833,37.538006,0.33691437436773,0.765530357142865,"ds",25.65
"2006-2007","ninnescah",-97.672833,37.538006,0.33691437436773,0.765530357142865,"gs",9.3
"2006-2007","ozona",-101.2,30.71,-1.21541239100146,-2.76163664285714,"ds",27.25
"2006-2007","ozona",-101.2,30.71,-1.21541239100146,-2.76163664285714,"gs",14.2625
"2006-2007","psu",-94.6997,37.4103,1.64540754548846,3.73866335714285,"ds",25.275
"2006-2007","psu",-94.6997,37.4103,1.64540754548846,3.73866335714285,"gs",10.125
"2006-2007","shsu",-95.551,30.7233,1.27074545113376,2.88736335714286,"ds",27.525
"2006-2007","shsu",-95.551,30.7233,1.27074545113376,2.88736335714286,"gs",15.9
"2006-2007","vernon",-99.2906,34.1511,-0.375074316338159,-0.852236642857136,"ds",28.525
"2006-2007","vernon",-99.2906,34.1511,-0.375074316338159,-0.852236642857136,"gs",12.775
"2006-2007","wf",-98.514125,33.913161,-0.0333431408253389,-0.0757616428571453,"ds",28.925
"2006-2007","wf",-98.514125,33.913161,-0.0333431408253389,-0.0757616428571453,"gs",13.475
"2006-2007","woodward",-99.3978,36.4331,-0.422253661474805,-0.959436642857142,"ds",26.225
"2006-2007","woodward",-99.3978,36.4331,-0.422253661474805,-0.959436642857142,"gs",10.0625
"2007-2008","buffalolake",-101.8453,35.1992,-1.49941268406746,-3.40693664285713,"ds",24.25
"2007-2008","buffalolake",-101.8453,35.1992,-1.49941268406746,-3.40693664285713,"gs",10.5375
"2007-2008","elreno",-97.9575,35.5303,0.211630767632538,0.480863357142866,"ds",25.8
"2007-2008","elreno",-97.9575,35.5303,0.211630767632538,0.480863357142866,"gs",11.275
"2007-2008","Katy",-95.920129,29.920887,1.10828962565854,2.51823435714286,"ds",27.5
"2007-2008","Katy",-95.920129,29.920887,1.10828962565854,2.51823435714286,"gs",18.2375
"2007-2008","llano",-99.7714,30.4897,-0.586677200122656,-1.33303664285714,"ds",26.275
"2007-2008","llano",-99.7714,30.4897,-0.586677200122656,-1.33303664285714,"gs",16.5125
"2007-2008","llela",-96.9644,33.0692,0.648699868893731,1.47396335714286,"ds",27.425
"2007-2008","llela",-96.9644,33.0692,0.648699868893731,1.47396335714286,"gs",15.2
"2007-2008","lostP",-97.469,30.179,0.426622466319573,0.969363357142868,"ds",27.525
"2007-2008","lostP",-97.469,30.179,0.426622466319573,0.969363357142868,"gs",17.75
"2007-2008","lubbock",-101.8833,33.5667,-1.51613670566441,-3.44493664285714,"ds",24.125
"2007-2008","lubbock",-101.8833,33.5667,-1.51613670566441,-3.44493664285714,"gs",12.3375
"2007-2008","ninnescah",-97.672833,37.538006,0.33691437436773,0.765530357142865,"ds",25.325
"2007-2008","ninnescah",-97.672833,37.538006,0.33691437436773,0.765530357142865,"gs",8.375
"2007-2008","ozona",-101.2,30.71,-1.21541239100146,-2.76163664285714,"ds",25.575
"2007-2008","ozona",-101.2,30.71,-1.21541239100146,-2.76163664285714,"gs",15.5
"2007-2008","psu",-94.6997,37.4103,1.64540754548846,3.73866335714285,"ds",25.4
"2007-2008","psu",-94.6997,37.4103,1.64540754548846,3.73866335714285,"gs",9.24999999999999
"2007-2008","shsu",-95.551,30.7233,1.27074545113376,2.88736335714286,"ds",27.225
"2007-2008","shsu",-95.551,30.7233,1.27074545113376,2.88736335714286,"gs",17.1125
"2007-2008","vernon",-99.2906,34.1511,-0.375074316338159,-0.852236642857136,"ds",27.175
"2007-2008","vernon",-99.2906,34.1511,-0.375074316338159,-0.852236642857136,"gs",14.125
"2007-2008","wf",-98.514125,33.913161,-0.0333431408253389,-0.0757616428571453,"ds",27.525
"2007-2008","wf",-98.514125,33.913161,-0.0333431408253389,-0.0757616428571453,"gs",14.6125
"2007-2008","woodward",-99.3978,36.4331,-0.422253661474805,-0.959436642857142,"ds",25.525
"2007-2008","woodward",-99.3978,36.4331,-0.422253661474805,-0.959436642857142,"gs",10.2
"2008-2009","buffalolake",-101.8453,35.1992,-1.49941268406746,-3.40693664285713,"ds",23.8
"2008-2009","buffalolake",-101.8453,35.1992,-1.49941268406746,-3.40693664285713,"gs",10.575
"2008-2009","elreno",-97.9575,35.5303,0.211630767632538,0.480863357142866,"ds",26.375
"2008-2009","elreno",-97.9575,35.5303,0.211630767632538,0.480863357142866,"gs",11.3875
"2008-2009","Katy",-95.920129,29.920887,1.10828962565854,2.51823435714286,"ds",28.025
"2008-2009","Katy",-95.920129,29.920887,1.10828962565854,2.51823435714286,"gs",17.7375
"2008-2009","llano",-99.7714,30.4897,-0.586677200122656,-1.33303664285714,"ds",27.825
"2008-2009","llano",-99.7714,30.4897,-0.586677200122656,-1.33303664285714,"gs",16.475
"2008-2009","llela",-96.9644,33.0692,0.648699868893731,1.47396335714286,"ds",28.375
"2008-2009","llela",-96.9644,33.0692,0.648699868893731,1.47396335714286,"gs",14.8875
"2008-2009","lostP",-97.469,30.179,0.426622466319573,0.969363357142868,"ds",28.95
"2008-2009","lostP",-97.469,30.179,0.426622466319573,0.969363357142868,"gs",17.6875
"2008-2009","lubbock",-101.8833,33.5667,-1.51613670566441,-3.44493664285714,"ds",24.925
"2008-2009","lubbock",-101.8833,33.5667,-1.51613670566441,-3.44493664285714,"gs",12.225
"2008-2009","ninnescah",-97.672833,37.538006,0.33691437436773,0.765530357142865,"ds",24.65
"2008-2009","ninnescah",-97.672833,37.538006,0.33691437436773,0.765530357142865,"gs",8.76250000000001
"2008-2009","ozona",-101.2,30.71,-1.21541239100146,-2.76163664285714,"ds",26.825
"2008-2009","ozona",-101.2,30.71,-1.21541239100146,-2.76163664285714,"gs",15.675
"2008-2009","psu",-94.6997,37.4103,1.64540754548846,3.73866335714285,"ds",24.4
"2008-2009","psu",-94.6997,37.4103,1.64540754548846,3.73866335714285,"gs",9.42499999999999
"2008-2009","shsu",-95.551,30.7233,1.27074545113376,2.88736335714286,"ds",27.625
"2008-2009","shsu",-95.551,30.7233,1.27074545113376,2.88736335714286,"gs",16.8125
"2008-2009","vernon",-99.2906,34.1511,-0.375074316338159,-0.852236642857136,"ds",28.1
"2008-2009","vernon",-99.2906,34.1511,-0.375074316338159,-0.852236642857136,"gs",13.8375
"2008-2009","wf",-98.514125,33.913161,-0.0333431408253389,-0.0757616428571453,"ds",28.6
"2008-2009","wf",-98.514125,33.913161,-0.0333431408253389,-0.0757616428571453,"gs",14.2625
"2008-2009","woodward",-99.3978,36.4331,-0.422253661474805,-0.959436642857142,"ds",25.35
"2008-2009","woodward",-99.3978,36.4331,-0.422253661474805,-0.959436642857142,"gs",9.9375
"2009-2010","buffalolake",-101.8453,35.1992,-1.49941268406746,-3.40693664285713,"ds",24.1
"2009-2010","buffalolake",-101.8453,35.1992,-1.49941268406746,-3.40693664285713,"gs",8.55
"2009-2010","elreno",-97.9575,35.5303,0.211630767632538,0.480863357142866,"ds",25.875
"2009-2010","elreno",-97.9575,35.5303,0.211630767632538,0.480863357142866,"gs",9.7
"2009-2010","Katy",-95.920129,29.920887,1.10828962565854,2.51823435714286,"ds",28.925
"2009-2010","Katy",-95.920129,29.920887,1.10828962565854,2.51823435714286,"gs",15.875
"2009-2010","llano",-99.7714,30.4897,-0.586677200122656,-1.33303664285714,"ds",28.125
"2009-2010","llano",-99.7714,30.4897,-0.586677200122656,-1.33303664285714,"gs",14.45
"2009-2010","llela",-96.9644,33.0692,0.648699868893731,1.47396335714286,"ds",27.975
"2009-2010","llela",-96.9644,33.0692,0.648699868893731,1.47396335714286,"gs",13.1875
"2009-2010","lostP",-97.469,30.179,0.426622466319573,0.969363357142868,"ds",29.725
"2009-2010","lostP",-97.469,30.179,0.426622466319573,0.969363357142868,"gs",15.4125
"2009-2010","lubbock",-101.8833,33.5667,-1.51613670566441,-3.44493664285714,"ds",25.1
"2009-2010","lubbock",-101.8833,33.5667,-1.51613670566441,-3.44493664285714,"gs",10.2625
"2009-2010","ninnescah",-97.672833,37.538006,0.33691437436773,0.765530357142865,"ds",24.375
"2009-2010","ninnescah",-97.672833,37.538006,0.33691437436773,0.765530357142865,"gs",7.7875
"2009-2010","ozona",-101.2,30.71,-1.21541239100146,-2.76163664285714,"ds",27.35
"2009-2010","ozona",-101.2,30.71,-1.21541239100146,-2.76163664285714,"gs",13.6
"2009-2010","psu",-94.6997,37.4103,1.64540754548846,3.73866335714285,"ds",24.175
"2009-2010","psu",-94.6997,37.4103,1.64540754548846,3.73866335714285,"gs",8.6
"2009-2010","shsu",-95.551,30.7233,1.27074545113376,2.88736335714286,"ds",28
"2009-2010","shsu",-95.551,30.7233,1.27074545113376,2.88736335714286,"gs",14.975
"2009-2010","vernon",-99.2906,34.1511,-0.375074316338159,-0.852236642857136,"ds",27.875
"2009-2010","vernon",-99.2906,34.1511,-0.375074316338159,-0.852236642857136,"gs",11.8125
"2009-2010","wf",-98.514125,33.913161,-0.0333431408253389,-0.0757616428571453,"ds",28.075
"2009-2010","wf",-98.514125,33.913161,-0.0333431408253389,-0.0757616428571453,"gs",12.15
"2009-2010","woodward",-99.3978,36.4331,-0.422253661474805,-0.959436642857142,"ds",25.225
"2009-2010","woodward",-99.3978,36.4331,-0.422253661474805,-0.959436642857142,"gs",8.6
"2010-2011","buffalolake",-101.8453,35.1992,-1.49941268406746,-3.40693664285713,"ds",25.25
"2010-2011","buffalolake",-101.8453,35.1992,-1.49941268406746,-3.40693664285713,"gs",10.4125
"2010-2011","elreno",-97.9575,35.5303,0.211630767632538,0.480863357142866,"ds",27.85
"2010-2011","elreno",-97.9575,35.5303,0.211630767632538,0.480863357142866,"gs",11.475
"2010-2011","Katy",-95.920129,29.920887,1.10828962565854,2.51823435714286,"ds",28.75
"2010-2011","Katy",-95.920129,29.920887,1.10828962565854,2.51823435714286,"gs",18.0125
"2010-2011","llano",-99.7714,30.4897,-0.586677200122656,-1.33303664285714,"ds",28.55
"2010-2011","llano",-99.7714,30.4897,-0.586677200122656,-1.33303664285714,"gs",16.9375
"2010-2011","llela",-96.9644,33.0692,0.648699868893731,1.47396335714286,"ds",29.25
"2010-2011","llela",-96.9644,33.0692,0.648699868893731,1.47396335714286,"gs",14.8125
"2010-2011","lostP",-97.469,30.179,0.426622466319573,0.969363357142868,"ds",28.925
"2010-2011","lostP",-97.469,30.179,0.426622466319573,0.969363357142868,"gs",17.55
"2010-2011","lubbock",-101.8833,33.5667,-1.51613670566441,-3.44493664285714,"ds",25.625
"2010-2011","lubbock",-101.8833,33.5667,-1.51613670566441,-3.44493664285714,"gs",12.625
"2010-2011","ninnescah",-97.672833,37.538006,0.33691437436773,0.765530357142865,"ds",26.175
"2010-2011","ninnescah",-97.672833,37.538006,0.33691437436773,0.765530357142865,"gs",8.53750000000001
"2010-2011","ozona",-101.2,30.71,-1.21541239100146,-2.76163664285714,"ds",27.575
"2010-2011","ozona",-101.2,30.71,-1.21541239100146,-2.76163664285714,"gs",16.05
"2010-2011","psu",-94.6997,37.4103,1.64540754548846,3.73866335714285,"ds",26.45
"2010-2011","psu",-94.6997,37.4103,1.64540754548846,3.73866335714285,"gs",9.1
"2010-2011","shsu",-95.551,30.7233,1.27074545113376,2.88736335714286,"ds",28.825
"2010-2011","shsu",-95.551,30.7233,1.27074545113376,2.88736335714286,"gs",17.1
"2010-2011","vernon",-99.2906,34.1511,-0.375074316338159,-0.852236642857136,"ds",28.9
"2010-2011","vernon",-99.2906,34.1511,-0.375074316338159,-0.852236642857136,"gs",13.6
"2010-2011","wf",-98.514125,33.913161,-0.0333431408253389,-0.0757616428571453,"ds",29.2
"2010-2011","wf",-98.514125,33.913161,-0.0333431408253389,-0.0757616428571453,"gs",14.075
"2010-2011","woodward",-99.3978,36.4331,-0.422253661474805,-0.959436642857142,"ds",27.05
"2010-2011","woodward",-99.3978,36.4331,-0.422253661474805,-0.959436642857142,"gs",9.98750000000001
"2011-2012","buffalolake",-101.8453,35.1992,-1.49941268406746,-3.40693664285713,"ds",27.375
"2011-2012","buffalolake",-101.8453,35.1992,-1.49941268406746,-3.40693664285713,"gs",11.1125
"2011-2012","elreno",-97.9575,35.5303,0.211630767632538,0.480863357142866,"ds",29.675
"2011-2012","elreno",-97.9575,35.5303,0.211630767632538,0.480863357142866,"gs",12.7625
"2011-2012","Katy",-95.920129,29.920887,1.10828962565854,2.51823435714286,"ds",30.125
"2011-2012","Katy",-95.920129,29.920887,1.10828962565854,2.51823435714286,"gs",18.8125
"2011-2012","llano",-99.7714,30.4897,-0.586677200122656,-1.33303664285714,"ds",30.325
"2011-2012","llano",-99.7714,30.4897,-0.586677200122656,-1.33303664285714,"gs",16.4375
"2011-2012","llela",-96.9644,33.0692,0.648699868893731,1.47396335714286,"ds",31.175
"2011-2012","llela",-96.9644,33.0692,0.648699868893731,1.47396335714286,"gs",16.0375
"2011-2012","lostP",-97.469,30.179,0.426622466319573,0.969363357142868,"ds",31.025
"2011-2012","lostP",-97.469,30.179,0.426622466319573,0.969363357142868,"gs",18.1125
"2011-2012","lubbock",-101.8833,33.5667,-1.51613670566441,-3.44493664285714,"ds",28.55
"2011-2012","lubbock",-101.8833,33.5667,-1.51613670566441,-3.44493664285714,"gs",12.875
"2011-2012","ninnescah",-97.672833,37.538006,0.33691437436773,0.765530357142865,"ds",27.625
"2011-2012","ninnescah",-97.672833,37.538006,0.33691437436773,0.765530357142865,"gs",11
"2011-2012","ozona",-101.2,30.71,-1.21541239100146,-2.76163664285714,"ds",29.7
"2011-2012","ozona",-101.2,30.71,-1.21541239100146,-2.76163664285714,"gs",15.675
"2011-2012","psu",-94.6997,37.4103,1.64540754548846,3.73866335714285,"ds",26.7
"2011-2012","psu",-94.6997,37.4103,1.64540754548846,3.73866335714285,"gs",12.1625
"2011-2012","shsu",-95.551,30.7233,1.27074545113376,2.88736335714286,"ds",30.175
"2011-2012","shsu",-95.551,30.7233,1.27074545113376,2.88736335714286,"gs",17.975
"2011-2012","vernon",-99.2906,34.1511,-0.375074316338159,-0.852236642857136,"ds",31.475
"2011-2012","vernon",-99.2906,34.1511,-0.375074316338159,-0.852236642857136,"gs",14.4125
"2011-2012","wf",-98.514125,33.913161,-0.0333431408253389,-0.0757616428571453,"ds",31.725
"2011-2012","wf",-98.514125,33.913161,-0.0333431408253389,-0.0757616428571453,"gs",14.8625
"2011-2012","woodward",-99.3978,36.4331,-0.422253661474805,-0.959436642857142,"ds",28.55
"2011-2012","woodward",-99.3978,36.4331,-0.422253661474805,-0.959436642857142,"gs",11.425
"2012-2013","buffalolake",-101.8453,35.1992,-1.49941268406746,-3.40693664285713,"ds",25.525
"2012-2013","buffalolake",-101.8453,35.1992,-1.49941268406746,-3.40693664285713,"gs",10.075
"2012-2013","elreno",-97.9575,35.5303,0.211630767632538,0.480863357142866,"ds",27.775
"2012-2013","elreno",-97.9575,35.5303,0.211630767632538,0.480863357142866,"gs",10.7875
"2012-2013","Katy",-95.920129,29.920887,1.10828962565854,2.51823435714286,"ds",28.375
"2012-2013","Katy",-95.920129,29.920887,1.10828962565854,2.51823435714286,"gs",17.65
"2012-2013","llano",-99.7714,30.4897,-0.586677200122656,-1.33303664285714,"ds",28.475
"2012-2013","llano",-99.7714,30.4897,-0.586677200122656,-1.33303664285714,"gs",16.2
"2012-2013","llela",-96.9644,33.0692,0.648699868893731,1.47396335714286,"ds",28.925
"2012-2013","llela",-96.9644,33.0692,0.648699868893731,1.47396335714286,"gs",14.7
"2012-2013","lostP",-97.469,30.179,0.426622466319573,0.969363357142868,"ds",29.05
"2012-2013","lostP",-97.469,30.179,0.426622466319573,0.969363357142868,"gs",17.1625
"2012-2013","lubbock",-101.8833,33.5667,-1.51613670566441,-3.44493664285714,"ds",26.45
"2012-2013","lubbock",-101.8833,33.5667,-1.51613670566441,-3.44493664285714,"gs",12.15
"2012-2013","ninnescah",-97.672833,37.538006,0.33691437436773,0.765530357142865,"ds",26.775
"2012-2013","ninnescah",-97.672833,37.538006,0.33691437436773,0.765530357142865,"gs",8.6875
"2012-2013","ozona",-101.2,30.71,-1.21541239100146,-2.76163664285714,"ds",27.95
"2012-2013","ozona",-101.2,30.71,-1.21541239100146,-2.76163664285714,"gs",15.5125
"2012-2013","psu",-94.6997,37.4103,1.64540754548846,3.73866335714285,"ds",26.45
"2012-2013","psu",-94.6997,37.4103,1.64540754548846,3.73866335714285,"gs",9.2125
"2012-2013","shsu",-95.551,30.7233,1.27074545113376,2.88736335714286,"ds",27.85
"2012-2013","shsu",-95.551,30.7233,1.27074545113376,2.88736335714286,"gs",16.45
"2012-2013","vernon",-99.2906,34.1511,-0.375074316338159,-0.852236642857136,"ds",28.825
"2012-2013","vernon",-99.2906,34.1511,-0.375074316338159,-0.852236642857136,"gs",13.375
"2012-2013","wf",-98.514125,33.913161,-0.0333431408253389,-0.0757616428571453,"ds",29.275
"2012-2013","wf",-98.514125,33.913161,-0.0333431408253389,-0.0757616428571453,"gs",13.8375
"2012-2013","woodward",-99.3978,36.4331,-0.422253661474805,-0.959436642857142,"ds",26.875
"2012-2013","woodward",-99.3978,36.4331,-0.422253661474805,-0.959436642857142,"gs",9.4125
"2013-2014","buffalolake",-101.8453,35.1992,-1.49941268406746,-3.40693664285713,"ds",25.1
"2013-2014","buffalolake",-101.8453,35.1992,-1.49941268406746,-3.40693664285713,"gs",9.17499999999999
"2013-2014","elreno",-97.9575,35.5303,0.211630767632538,0.480863357142866,"ds",26.775
"2013-2014","elreno",-97.9575,35.5303,0.211630767632538,0.480863357142866,"gs",9.825
"2013-2014","Katy",-95.920129,29.920887,1.10828962565854,2.51823435714286,"ds",29.125
"2013-2014","Katy",-95.920129,29.920887,1.10828962565854,2.51823435714286,"gs",16.0375
"2013-2014","llano",-99.7714,30.4897,-0.586677200122656,-1.33303664285714,"ds",28.275
"2013-2014","llano",-99.7714,30.4897,-0.586677200122656,-1.33303664285714,"gs",14.8
"2013-2014","llela",-96.9644,33.0692,0.648699868893731,1.47396335714286,"ds",28.65
"2013-2014","llela",-96.9644,33.0692,0.648699868893731,1.47396335714286,"gs",12.8875
"2013-2014","lostP",-97.469,30.179,0.426622466319573,0.969363357142868,"ds",29.35
"2013-2014","lostP",-97.469,30.179,0.426622466319573,0.969363357142868,"gs",15.325
"2013-2014","lubbock",-101.8833,33.5667,-1.51613670566441,-3.44493664285714,"ds",26.125
"2013-2014","lubbock",-101.8833,33.5667,-1.51613670566441,-3.44493664285714,"gs",11
"2013-2014","ninnescah",-97.672833,37.538006,0.33691437436773,0.765530357142865,"ds",25.175
"2013-2014","ninnescah",-97.672833,37.538006,0.33691437436773,0.765530357142865,"gs",7.48750000000001
"2013-2014","ozona",-101.2,30.71,-1.21541239100146,-2.76163664285714,"ds",27
"2013-2014","ozona",-101.2,30.71,-1.21541239100146,-2.76163664285714,"gs",13.95
"2013-2014","psu",-94.6997,37.4103,1.64540754548846,3.73866335714285,"ds",24.775
"2013-2014","psu",-94.6997,37.4103,1.64540754548846,3.73866335714285,"gs",7.9
"2013-2014","shsu",-95.551,30.7233,1.27074545113376,2.88736335714286,"ds",28.2
"2013-2014","shsu",-95.551,30.7233,1.27074545113376,2.88736335714286,"gs",14.925
"2013-2014","vernon",-99.2906,34.1511,-0.375074316338159,-0.852236642857136,"ds",28.525
"2013-2014","vernon",-99.2906,34.1511,-0.375074316338159,-0.852236642857136,"gs",11.8875
"2013-2014","wf",-98.514125,33.913161,-0.0333431408253389,-0.0757616428571453,"ds",29.05
"2013-2014","wf",-98.514125,33.913161,-0.0333431408253389,-0.0757616428571453,"gs",12.175
"2013-2014","woodward",-99.3978,36.4331,-0.422253661474805,-0.959436642857142,"ds",26.125
"2013-2014","woodward",-99.3978,36.4331,-0.422253661474805,-0.959436642857142,"gs",8.74999999999999
"2014-2015","buffalolake",-101.8453,35.1992,-1.49941268406746,-3.40693664285713,"ds",24.025
"2014-2015","buffalolake",-101.8453,35.1992,-1.49941268406746,-3.40693664285713,"gs",9.53750000000001
"2014-2015","elreno",-97.9575,35.5303,0.211630767632538,0.480863357142866,"ds",25.8
"2014-2015","elreno",-97.9575,35.5303,0.211630767632538,0.480863357142866,"gs",10.8625
"2014-2015","Katy",-95.920129,29.920887,1.10828962565854,2.51823435714286,"ds",28.2
"2014-2015","Katy",-95.920129,29.920887,1.10828962565854,2.51823435714286,"gs",16.8
"2014-2015","llano",-99.7714,30.4897,-0.586677200122656,-1.33303664285714,"ds",27.7
"2014-2015","llano",-99.7714,30.4897,-0.586677200122656,-1.33303664285714,"gs",15.175
"2014-2015","llela",-96.9644,33.0692,0.648699868893731,1.47396335714286,"ds",27.8
"2014-2015","llela",-96.9644,33.0692,0.648699868893731,1.47396335714286,"gs",13.9625
"2014-2015","lostP",-97.469,30.179,0.426622466319573,0.969363357142868,"ds",28.275
"2014-2015","lostP",-97.469,30.179,0.426622466319573,0.969363357142868,"gs",16.2
"2014-2015","lubbock",-101.8833,33.5667,-1.51613670566441,-3.44493664285714,"ds",24.925
"2014-2015","lubbock",-101.8833,33.5667,-1.51613670566441,-3.44493664285714,"gs",10.8375
"2014-2015","ninnescah",-97.672833,37.538006,0.33691437436773,0.765530357142865,"ds",24.8
"2014-2015","ninnescah",-97.672833,37.538006,0.33691437436773,0.765530357142865,"gs",8.8375
"2014-2015","ozona",-101.2,30.71,-1.21541239100146,-2.76163664285714,"ds",27.125
"2014-2015","ozona",-101.2,30.71,-1.21541239100146,-2.76163664285714,"gs",14.3125
"2014-2015","psu",-94.6997,37.4103,1.64540754548846,3.73866335714285,"ds",24.275
"2014-2015","psu",-94.6997,37.4103,1.64540754548846,3.73866335714285,"gs",9.1375
"2014-2015","shsu",-95.551,30.7233,1.27074545113376,2.88736335714286,"ds",27.225
"2014-2015","shsu",-95.551,30.7233,1.27074545113376,2.88736335714286,"gs",15.7
"2014-2015","vernon",-99.2906,34.1511,-0.375074316338159,-0.852236642857136,"ds",27.675
"2014-2015","vernon",-99.2906,34.1511,-0.375074316338159,-0.852236642857136,"gs",12.7875
"2014-2015","wf",-98.514125,33.913161,-0.0333431408253389,-0.0757616428571453,"ds",28.025
"2014-2015","wf",-98.514125,33.913161,-0.0333431408253389,-0.0757616428571453,"gs",13.1875
"2014-2015","woodward",-99.3978,36.4331,-0.422253661474805,-0.959436642857142,"ds",25.55
"2014-2015","woodward",-99.3978,36.4331,-0.422253661474805,-0.959436642857142,"gs",9.825
"2015-2016","buffalolake",-101.8453,35.1992,-1.49941268406746,-3.40693664285713,"ds",24.475
"2015-2016","buffalolake",-101.8453,35.1992,-1.49941268406746,-3.40693664285713,"gs",10.2625
"2015-2016","elreno",-97.9575,35.5303,0.211630767632538,0.480863357142866,"ds",26.825
"2015-2016","elreno",-97.9575,35.5303,0.211630767632538,0.480863357142866,"gs",12.2125
"2015-2016","Katy",-95.920129,29.920887,1.10828962565854,2.51823435714286,"ds",28.5
"2015-2016","Katy",-95.920129,29.920887,1.10828962565854,2.51823435714286,"gs",18.2625
"2015-2016","llano",-99.7714,30.4897,-0.586677200122656,-1.33303664285714,"ds",29.05
"2015-2016","llano",-99.7714,30.4897,-0.586677200122656,-1.33303664285714,"gs",16.625
"2015-2016","llela",-96.9644,33.0692,0.648699868893731,1.47396335714286,"ds",28.975
"2015-2016","llela",-96.9644,33.0692,0.648699868893731,1.47396335714286,"gs",15.6875
"2015-2016","lostP",-97.469,30.179,0.426622466319573,0.969363357142868,"ds",28.9
"2015-2016","lostP",-97.469,30.179,0.426622466319573,0.969363357142868,"gs",17.7875
"2015-2016","lubbock",-101.8833,33.5667,-1.51613670566441,-3.44493664285714,"ds",25.825
"2015-2016","lubbock",-101.8833,33.5667,-1.51613670566441,-3.44493664285714,"gs",12.3625
"2015-2016","ninnescah",-97.672833,37.538006,0.33691437436773,0.765530357142865,"ds",25.775
"2015-2016","ninnescah",-97.672833,37.538006,0.33691437436773,0.765530357142865,"gs",10.5
"2015-2016","ozona",-101.2,30.71,-1.21541239100146,-2.76163664285714,"ds",27.6
"2015-2016","ozona",-101.2,30.71,-1.21541239100146,-2.76163664285714,"gs",15.7375
"2015-2016","psu",-94.6997,37.4103,1.64540754548846,3.73866335714285,"ds",25.425
"2015-2016","psu",-94.6997,37.4103,1.64540754548846,3.73866335714285,"gs",11.1
"2015-2016","shsu",-95.551,30.7233,1.27074545113376,2.88736335714286,"ds",28.175
"2015-2016","shsu",-95.551,30.7233,1.27074545113376,2.88736335714286,"gs",17.375
"2015-2016","vernon",-99.2906,34.1511,-0.375074316338159,-0.852236642857136,"ds",28.475
"2015-2016","vernon",-99.2906,34.1511,-0.375074316338159,-0.852236642857136,"gs",14.1
"2015-2016","wf",-98.514125,33.913161,-0.0333431408253389,-0.0757616428571453,"ds",29.125
"2015-2016","wf",-98.514125,33.913161,-0.0333431408253389,-0.0757616428571453,"gs",14.675
"2015-2016","woodward",-99.3978,36.4331,-0.422253661474805,-0.959436642857142,"ds",25.65
"2015-2016","woodward",-99.3978,36.4331,-0.422253661474805,-0.959436642857142,"gs",10.8875
"2016-2017","buffalolake",-101.8453,35.1992,-1.49941268406746,-3.40693664285713,"ds",24.55
"2016-2017","buffalolake",-101.8453,35.1992,-1.49941268406746,-3.40693664285713,"gs",11.1125
"2016-2017","elreno",-97.9575,35.5303,0.211630767632538,0.480863357142866,"ds",27.05
"2016-2017","elreno",-97.9575,35.5303,0.211630767632538,0.480863357142866,"gs",12.725
"2016-2017","Katy",-95.920129,29.920887,1.10828962565854,2.51823435714286,"ds",28.1
"2016-2017","Katy",-95.920129,29.920887,1.10828962565854,2.51823435714286,"gs",19.85
"2016-2017","llano",-99.7714,30.4897,-0.586677200122656,-1.33303664285714,"ds",28.275
"2016-2017","llano",-99.7714,30.4897,-0.586677200122656,-1.33303664285714,"gs",17.575
"2016-2017","llela",-96.9644,33.0692,0.648699868893731,1.47396335714286,"ds",28.725
"2016-2017","llela",-96.9644,33.0692,0.648699868893731,1.47396335714286,"gs",16.7625
"2016-2017","lostP",-97.469,30.179,0.426622466319573,0.969363357142868,"ds",28.8
"2016-2017","lostP",-97.469,30.179,0.426622466319573,0.969363357142868,"gs",19.1375
"2016-2017","lubbock",-101.8833,33.5667,-1.51613670566441,-3.44493664285714,"ds",25.8
"2016-2017","lubbock",-101.8833,33.5667,-1.51613670566441,-3.44493664285714,"gs",13.5
"2016-2017","ninnescah",-97.672833,37.538006,0.33691437436773,0.765530357142865,"ds",26.375
"2016-2017","ninnescah",-97.672833,37.538006,0.33691437436773,0.765530357142865,"gs",10.5875
"2016-2017","ozona",-101.2,30.71,-1.21541239100146,-2.76163664285714,"ds",27.35
"2016-2017","ozona",-101.2,30.71,-1.21541239100146,-2.76163664285714,"gs",16.45
"2016-2017","psu",-94.6997,37.4103,1.64540754548846,3.73866335714285,"ds",26.025
"2016-2017","psu",-94.6997,37.4103,1.64540754548846,3.73866335714285,"gs",11.7875
"2016-2017","shsu",-95.551,30.7233,1.27074545113376,2.88736335714286,"ds",27.875
"2016-2017","shsu",-95.551,30.7233,1.27074545113376,2.88736335714286,"gs",18.7875
"2016-2017","vernon",-99.2906,34.1511,-0.375074316338159,-0.852236642857136,"ds",28.425
"2016-2017","vernon",-99.2906,34.1511,-0.375074316338159,-0.852236642857136,"gs",14.7
"2016-2017","wf",-98.514125,33.913161,-0.0333431408253389,-0.0757616428571453,"ds",28.95
"2016-2017","wf",-98.514125,33.913161,-0.0333431408253389,-0.0757616428571453,"gs",15.75
"2016-2017","woodward",-99.3978,36.4331,-0.422253661474805,-0.959436642857142,"ds",26.175
"2016-2017","woodward",-99.3978,36.4331,-0.422253661474805,-0.959436642857142,"gs",11.075
"2017-2018","buffalolake",-101.8453,35.1992,-1.49941268406746,-3.40693664285713,"ds",23.75
"2017-2018","buffalolake",-101.8453,35.1992,-1.49941268406746,-3.40693664285713,"gs",10.75
"2017-2018","elreno",-97.9575,35.5303,0.211630767632538,0.480863357142866,"ds",25.975
"2017-2018","elreno",-97.9575,35.5303,0.211630767632538,0.480863357142866,"gs",11.275
"2017-2018","Katy",-95.920129,29.920887,1.10828962565854,2.51823435714286,"ds",28.125
"2017-2018","Katy",-95.920129,29.920887,1.10828962565854,2.51823435714286,"gs",17.75
"2017-2018","llano",-99.7714,30.4897,-0.586677200122656,-1.33303664285714,"ds",27.75
"2017-2018","llano",-99.7714,30.4897,-0.586677200122656,-1.33303664285714,"gs",16.1875
"2017-2018","llela",-96.9644,33.0692,0.648699868893731,1.47396335714286,"ds",27.7
"2017-2018","llela",-96.9644,33.0692,0.648699868893731,1.47396335714286,"gs",14.9375
"2017-2018","lostP",-97.469,30.179,0.426622466319573,0.969363357142868,"ds",28.45
"2017-2018","lostP",-97.469,30.179,0.426622466319573,0.969363357142868,"gs",17.275
"2017-2018","lubbock",-101.8833,33.5667,-1.51613670566441,-3.44493664285714,"ds",25.25
"2017-2018","lubbock",-101.8833,33.5667,-1.51613670566441,-3.44493664285714,"gs",12.5
"2017-2018","ninnescah",-97.672833,37.538006,0.33691437436773,0.765530357142865,"ds",25.325
"2017-2018","ninnescah",-97.672833,37.538006,0.33691437436773,0.765530357142865,"gs",9.55
"2017-2018","ozona",-101.2,30.71,-1.21541239100146,-2.76163664285714,"ds",26.85
"2017-2018","ozona",-101.2,30.71,-1.21541239100146,-2.76163664285714,"gs",15.475
"2017-2018","psu",-94.6997,37.4103,1.64540754548846,3.73866335714285,"ds",24.825
"2017-2018","psu",-94.6997,37.4103,1.64540754548846,3.73866335714285,"gs",9.93750000000001
"2017-2018","shsu",-95.551,30.7233,1.27074545113376,2.88736335714286,"ds",27.675
"2017-2018","shsu",-95.551,30.7233,1.27074545113376,2.88736335714286,"gs",16.8125
"2017-2018","vernon",-99.2906,34.1511,-0.375074316338159,-0.852236642857136,"ds",27.3
"2017-2018","vernon",-99.2906,34.1511,-0.375074316338159,-0.852236642857136,"gs",13.6
"2017-2018","wf",-98.514125,33.913161,-0.0333431408253389,-0.0757616428571453,"ds",27.825
"2017-2018","wf",-98.514125,33.913161,-0.0333431408253389,-0.0757616428571453,"gs",13.8625
"2017-2018","woodward",-99.3978,36.4331,-0.422253661474805,-0.959436642857142,"ds",24.825
"2017-2018","woodward",-99.3978,36.4331,-0.422253661474805,-0.959436642857142,"gs",10.175
"2018-2019","buffalolake",-101.8453,35.1992,-1.49941268406746,-3.40693664285713,"ds",25.2
"2018-2019","buffalolake",-101.8453,35.1992,-1.49941268406746,-3.40693664285713,"gs",9.0625
"2018-2019","elreno",-97.9575,35.5303,0.211630767632538,0.480863357142866,"ds",26.575
"2018-2019","elreno",-97.9575,35.5303,0.211630767632538,0.480863357142866,"gs",9.95000000000001
"2018-2019","Katy",-95.920129,29.920887,1.10828962565854,2.51823435714286,"ds",28.475
"2018-2019","Katy",-95.920129,29.920887,1.10828962565854,2.51823435714286,"gs",17.3125
"2018-2019","llano",-99.7714,30.4897,-0.586677200122656,-1.33303664285714,"ds",28.325
"2018-2019","llano",-99.7714,30.4897,-0.586677200122656,-1.33303664285714,"gs",15.375
"2018-2019","llela",-96.9644,33.0692,0.648699868893731,1.47396335714286,"ds",29.05
"2018-2019","llela",-96.9644,33.0692,0.648699868893731,1.47396335714286,"gs",13.8875
"2018-2019","lostP",-97.469,30.179,0.426622466319573,0.969363357142868,"ds",29.45
"2018-2019","lostP",-97.469,30.179,0.426622466319573,0.969363357142868,"gs",16.375
"2018-2019","lubbock",-101.8833,33.5667,-1.51613670566441,-3.44493664285714,"ds",26.275
"2018-2019","lubbock",-101.8833,33.5667,-1.51613670566441,-3.44493664285714,"gs",10.9375
"2018-2019","ninnescah",-97.672833,37.538006,0.33691437436773,0.765530357142865,"ds",25.75
"2018-2019","ninnescah",-97.672833,37.538006,0.33691437436773,0.765530357142865,"gs",7.67500000000001
"2018-2019","ozona",-101.2,30.71,-1.21541239100146,-2.76163664285714,"ds",27.525
"2018-2019","ozona",-101.2,30.71,-1.21541239100146,-2.76163664285714,"gs",14.225
"2018-2019","psu",-94.6997,37.4103,1.64540754548846,3.73866335714285,"ds",25.875
"2018-2019","psu",-94.6997,37.4103,1.64540754548846,3.73866335714285,"gs",9.0625
"2018-2019","shsu",-95.551,30.7233,1.27074545113376,2.88736335714286,"ds",28.425
"2018-2019","shsu",-95.551,30.7233,1.27074545113376,2.88736335714286,"gs",16.15
"2018-2019","vernon",-99.2906,34.1511,-0.375074316338159,-0.852236642857136,"ds",28.7
"2018-2019","vernon",-99.2906,34.1511,-0.375074316338159,-0.852236642857136,"gs",12.1375
"2018-2019","wf",-98.514125,33.913161,-0.0333431408253389,-0.0757616428571453,"ds",29.075
"2018-2019","wf",-98.514125,33.913161,-0.0333431408253389,-0.0757616428571453,"gs",12.675
"2018-2019","woodward",-99.3978,36.4331,-0.422253661474805,-0.959436642857142,"ds",25.875
"2018-2019","woodward",-99.3978,36.4331,-0.422253661474805,-0.959436642857142,"gs",8.525
